<?xml version="1.0" encoding="UTF-8"?>
<kml xmlns="http://www.opengis.net/kml/2.2"><Document>
  <name>The Last Baht Bus — Pattaya</name>
  <description>204 rooms on real coordinates. Exit lines are coloured by how far each compass word sits from the true bearing: green under 45 degrees (a four-direction grid cannot do better on a diagonal), amber to 60, red beyond.</description>

  <Style id="road"><IconStyle><scale>0.9</scale><color>ff00d7ff</color>
    <Icon><href>http://maps.google.com/mapfiles/kml/shapes/road_shield3.png</href></Icon></IconStyle></Style>
  <Style id="venue"><IconStyle><scale>0.7</scale><color>ffff64ff</color>
    <Icon><href>http://maps.google.com/mapfiles/kml/shapes/bars.png</href></Icon></IconStyle></Style>
  <Style id="ok"><LineStyle><color>c800c878</color><width>3</width></LineStyle></Style>
  <Style id="warn"><LineStyle><color>e600a5ff</color><width>4</width></LineStyle></Style>
  <Style id="bad"><LineStyle><color>ff0000ff</color><width>5</width></LineStyle></Style>
  <Folder><name>Beach Road</name>
    <Placemark><name>Beach Road Central</name><styleUrl>#road</styleUrl><description><![CDATA[<b>beach_rd_c</b><br/><br/>7-Eleven · ATM · baht bus<br/><br/>Mid-Beach-Road: tour groups, tailor touts, and the sea breathing in the dark beyond the promenade. The glass cliff of CENTRAL mall rises a block inland, and just south of it TEQUILA QUEEN's ancient neon señorita kicks her leg, as she has since before you were born.]]></description><Point><coordinates>100.88159,12.9345,0</coordinates></Point></Placemark>
    <Placemark><name>Beach Road (foot of Soi 6)</name><styleUrl>#road</styleUrl><description><![CDATA[<b>beach_rd_n</b><br/><br/>baht bus<br/><br/>Where Soi 6 meets Beach Road. The soi runs inland to the east — short, loud, and lit like a runway. Across Beach Road to the west lies the open sand and the bay; the Dolphin roundabout and Naklua are a couple of kilometres north up the road, out of sight. Two bars hold the corners of the junction and stare each other down: THE STINKY PINKY's sign — a cartoon skunk hoisting a Chang — buzzes over it]]></description><Point><coordinates>100.88475,12.94288,0</coordinates></Point></Placemark>
    <Placemark><name>Beach Road South</name><styleUrl>#road</styleUrl><description><![CDATA[<b>beach_rd_s</b><br/><br/>piwin stand · baht bus<br/><br/>The south end of Beach Road, where the palms wear fairy lights and the baht buses bunch up like beads. The Walking Street arch blazes to the south. A motosai stand idles on the corner, drivers watching the street like sleepy hawks.]]></description><Point><coordinates>100.87751,12.92983,0</coordinates></Point></Placemark>
    <Placemark><name>Beach Road (Soi 7)</name><styleUrl>#road</styleUrl><description><![CDATA[<b>beach_rd_soi7</b><br/><br/>piwin stand · baht bus<br/><br/>Where Soi 7 comes down to the sea. The soi runs inland behind you, all beer stools and laundry steam; out here it is the seafront doing its evening thing — joggers who have misjudged the hour, a man selling roasted chestnuts nobody buys, and the long slow crawl of songthaews with their benches half full. Central Pattaya Road crosses a hundred metres north, which is why the traffic here never quite]]></description><Point><coordinates>100.88307,12.93715,0</coordinates></Point></Placemark>
    <Placemark><name>Beach Road (Soi 9)</name><styleUrl>#road</styleUrl><description><![CDATA[<b>beach_rd_soi9</b><br/><br/>baht bus<br/><br/>The Soi 9 corner, and the least rowdy hundred metres on the whole seafront for an obvious reason: PATTAYA CENTRAL POLICE STATION occupies the north-east corner, lit all night, with a row of pickups nosed in against the kerb. Central Mall's bulk sits to the south-east. People walk a little straighter past here and nobody sells you anything at all.]]></description><Point><coordinates>100.88247,12.93598,0</coordinates></Point></Placemark>
    <Placemark><name>Cherry Oil Massage</name><styleUrl>#venue</styleUrl><description><![CDATA[<b>beachrd_oil</b><br/><br/>Wedged between a tailor and a currency booth on Beach Road, a narrow shop with a loud sign, a louder girl on the step, and a staircase to curtained rooms up top. The traffic roars past two feet away; inside, the mirror-and-sticker arrangement is exactly as advertised everywhere else in town.]]></description><Point><coordinates>100.88186,12.93396,0</coordinates></Point></Placemark>
    <Placemark><name>Beach Road Thai Massage</name><styleUrl>#venue</styleUrl><description><![CDATA[<b>beachthai_massage</b><br/><br/>Next door to the oil shop and a world apart: a proper traditional place with foot chairs facing the sea, aunties in a tidy uniform, and a menu that stops at 'oil, one hour.' The spot the tuk-tuk drivers themselves come to get their shoulders sorted. (READ MENU.)]]></description><Point><coordinates>100.87788,12.92906,0</coordinates></Point></Placemark>
    <Placemark><name>Blue Dog</name><styleUrl>#venue</styleUrl><description><![CDATA[<b>blue_dog</b><br/><br/>type: beer<br/><br/>An open-air beer bar holding the beach-side corner at the foot of Soi 6 — no walls, no door, just a tin roof, a long rail, and a line of plastic chairs facing out across Beach Road to the bay. The Stinky Pinky glowers back from the opposite corner over the mouth of the soi. At the Blue Dog the view IS the entertainment: the evening police checkpoint down the road to the south, the sunset out over ]]></description><Point><coordinates>100.88471,12.94309,0</coordinates></Point></Placemark>
    <Placemark><name>Central Mall (Beach Road front)</name><styleUrl>#road</styleUrl><description><![CDATA[<b>central_mall</b><br/><br/>The air-conditioned mothership: seven storeys of glass, brand names, and farang families who have no idea what this town does after dinner. Free outlets by the food court, arctic air, and security guards who wai. Beach Road glitters west; Second Road runs behind the mall to the east; the police station squats to the north like a paperweight.]]></description><Point><coordinates>100.88345,12.9344,0</coordinates></Point></Placemark>
    <Placemark><name>North Pattaya Beach</name><styleUrl>#road</styleUrl><description><![CDATA[<b>north_beach</b><br/><br/>The open sand across Beach Road from the foot of Soi 6, quiet after the soi's wall of noise — just the hiss of the little waves and, back east across the road, the neon of the junction where the Stinky Pinky and the Blue Dog hold their corners. A soi dog is having the night of his life in the shallows, charging the waves, losing to them, shaking off and charging again — and every few laps he stops]]></description><Point><coordinates>100.88371,12.94324,0</coordinates></Point></Placemark>
    <Placemark><name>Papaya Massage</name><styleUrl>#venue</styleUrl><description><![CDATA[<b>papaya_massage</b><br/><br/>Just south of KISS, where Soi Diana's noise gives way to the Beach Road breeze — a pink-lit oil shop with the usual girls on the usual stools and the usual small sticker on the mirror. The sea air almost makes it feel wholesome. Almost.]]></description><Point><coordinates>100.87788,12.92934,0</coordinates></Point></Placemark>
    <Placemark><name>Soi 7</name><styleUrl>#road</styleUrl><description><![CDATA[<b>pattaya_soi_7</b><br/><br/>piwin stand<br/><br/>Quieter than its neighbours, and people who know the sois use it for exactly that: guesthouses, a laundry, two minimarts facing each other in a war of attrition, and a few small bars that shut when their last customer leaves rather than when the clock says. It runs Beach Road to Second Road like the rest of them, but nobody calls out as you pass, and the noise from Soi 8 arrives one block late and]]></description><Point><coordinates>100.8846,12.9365,0</coordinates></Point></Placemark>
    <Placemark><name>Soi 8</name><styleUrl>#road</styleUrl><description><![CDATA[<b>pattaya_soi_8</b><br/><br/>One soi south of Soi 7 and a different proposition entirely. The beach end is solid bars — open fronts shoulder to shoulder, stools out to the kerb, four sound systems inside thirty metres and every one of them winning something. It thins as you go inland: the bars give way to guesthouses and a tailor about halfway along, and by the Second Road end it could be any street in Thailand. Everyone stan]]></description><Point><coordinates>100.88413,12.93573,0</coordinates></Point></Placemark>
    <Placemark><name>Soi 9</name><styleUrl>#road</styleUrl><description><![CDATA[<b>pattaya_soi_9</b><br/><br/>A short working soi between the police station and the back of Central Mall, and it behaves accordingly: motorbike repair, a print shop, somewhere doing visa paperwork with a queue of resigned farang outside, and a noodle place that is very good and knows it. The bars are two sois north. Nothing here is open at three in the morning and nothing here needs to be.]]></description><Point><coordinates>100.88377,12.93515,0</coordinates></Point></Placemark>
    <Placemark><name>Pattaya Central Police Station</name><styleUrl>#road</styleUrl><description><![CDATA[<b>police_station</b><br/><br/>Brown uniforms, whiteboards of unpaid fines, and a desk sergeant with the unhurried patience of a man who has seen every possible farang. A wall of confiscated selfie sticks. Sitting between the mall and the Beach Road bars, it catches whatever the tide washes up. Best visited voluntarily.]]></description><Point><coordinates>100.88282,12.93599,0</coordinates></Point></Placemark>
    <Placemark><name>Beach Promenade</name><styleUrl>#road</styleUrl><description><![CDATA[<b>promenade</b><br/><br/>The paved walk between road and sand. Couples, joggers who've made bad choices, and ladies standing in the lamplight with nowhere in particular to be. The bins are full of collectable glass, if a man were desperate.]]></description><Point><coordinates>100.88117,12.9345,0</coordinates></Point></Placemark>
    <Placemark><name>Short-Time Motel</name><styleUrl>#road</styleUrl><description><![CDATA[<b>short_time_motel</b><br/><br/>A dark alley off Beach Road that smells of lemongrass floor cleaner and old air conditioning. The motel has no sign you could read from the street — its reputation travels by word of mouth and the direction of high heels. A small reception counter lit by one fluorescent tube. A ring of numbered keys on a nail. Two plastic stools. An older Thai man sits behind the counter, a thermos of coffee at hi]]></description><Point><coordinates>100.88503,12.93626,0</coordinates></Point></Placemark>
    <Placemark><name>The Stinky Pinky</name><styleUrl>#venue</styleUrl><description><![CDATA[<b>stinky_bar</b><br/><br/>type: beer<br/><br/>An American-run beer bar that smells, in defiance of its name, of lime and cue chalk. League trophies crowd the back bar; the table is brushed like a putting green. Bert — the manager — holds court from the end stool with a bottomless Singha and opinions on everyone's break. It holds the inland corner at the foot of Soi 6; across the mouth of the soi the Blue Dog faces the water. From the open fro]]></description><Point><coordinates>100.88459,12.94275,0</coordinates></Point></Placemark>
    <Placemark><name>Tequila Queen A-Go-Go</name><styleUrl>#venue</styleUrl><description><![CDATA[<b>tequila_queen</b><br/><br/>type: gogo<br/><br/>The oldest go-go in Pattaya, and proudly unrestored: red velvet gone bald in patches, a mirror ball missing a continent of tiles, and dancers with seniority no mamasan would dare question. What the ladies concede in years they repay in showmanship, and the regulars wouldn't trade one of them for the whole of Walking Street. Mem runs the floor like a national institution, because it is one.]]></description><Point><coordinates>100.87946,12.93164,0</coordinates></Point></Placemark>
  </Folder>
  <Folder><name>Darkside</name>
    <Placemark><name>Firefly Bar</name><styleUrl>#venue</styleUrl><description><![CDATA[<b>firefly_bar</b><br/><br/>type: beer<br/><br/>A small bar strung with more fairy lights than structure — from the soi it pulses like its namesake. The ladies here commute from the villages past the lake, and the whole place runs on the kind of easy, shoes-off familiarity that town bars imitate and never quite land.]]></description><Point><coordinates>100.90706,12.90764,0</coordinates></Point></Placemark>
    <Placemark><name>Soi Khao Talo</name><styleUrl>#road</styleUrl><description><![CDATA[<b>khao_talo</b><br/><br/>7-Eleven · piwin stand<br/><br/>A long, plain soi of beer bars with no neon budget and no need for one. The ladies here are older, the customers older still, and every bar knows every customer's pour. It's seedier than town and more honest about it. One bar's doorway glows warmer than the rest, and from the south side MAMA YAI'S sends out charcoal smoke and the smell of som tam being argued about.]]></description><Point><coordinates>100.90975,12.90779,0</coordinates></Point></Placemark>
    <Placemark><name>Daeng's Place</name><styleUrl>#venue</styleUrl><description><![CDATA[<b>khao_talo_bar</b><br/><br/>type: beer<br/><br/>A beer bar with a ceiling fan, a shrine over the till, and photos of Walking Street's glory days behind the bar — including one of a dancer mid-spin that you'd swear is the woman now pouring your drink. There's an outlet by the cooler.]]></description><Point><coordinates>100.90995,12.90797,0</coordinates></Point></Placemark>
    <Placemark><name>Soi Khao Talo (the strip)</name><styleUrl>#road</styleUrl><description><![CDATA[<b>khao_talo_strip</b><br/><br/>7-Eleven · ATM<br/><br/>The working stretch of the soi: a dozen open-front bars shoulder to shoulder under one long tin roof, fairy lights doing the job neon does in town at a tenth of the wattage. Ladies call the odds from bamboo rails, a pool table clacks somewhere, and every third stool holds an expat who has been on it since the flood. THE WATER BUFFALO and FIREFLY BAR glow closest; the soi runs on east toward Daeng']]></description><Point><coordinates>100.90693,12.90782,0</coordinates></Point></Placemark>
    <Placemark><name>Lake Mabprachan</name><styleUrl>#road</styleUrl><description><![CDATA[<b>lake_mabprachan</b><br/><br/>Still water, lakeside restaurants, retired expats walking retired soi dogs. Families eat grilled fish under string lights. It's so peaceful your ears ring. Nobody here has been pickpocketed since the nineties.]]></description><Point><coordinates>100.96684,12.93306,0</coordinates></Point></Placemark>
    <Placemark><name>Mama Yai's</name><styleUrl>#venue</styleUrl><description><![CDATA[<b>mama_yai</b><br/><br/>type: beer<br/><br/>Half bar, half kitchen, all Mama Yai: a Darkside institution where the som tam arrives unasked and correct, the beer arrives cold, and the arguing about both is complimentary. Expats who got tired of town rents eat here nightly; the wall of photos knows everyone's second wife. There's an outlet by the till, for customers who finish their plate.]]></description><Point><coordinates>100.90958,12.90759,0</coordinates></Point></Placemark>
    <Placemark><name>The Night Heron</name><styleUrl>#venue</styleUrl><description><![CDATA[<b>night_heron</b><br/><br/>type: beer<br/><br/>An enclosed, air-conditioned box at the dark end of the strip: painted-out windows, a padded door, a sign small enough to deny. Before midnight it pours like any beer bar, only colder and quieter — but the regulars keep checking the clock, which should tell you something, and the ladies watch your spending with the warm professional attention of women who know exactly what the bolt on that door is]]></description><Point><coordinates>100.90754,12.90764,0</coordinates></Point></Placemark>
    <Placemark><name>The Shamrock</name><styleUrl>#venue</styleUrl><description><![CDATA[<b>shamrock</b><br/><br/>CLOSED<br/><br/>A dead pub at the dark end of the strip. The shamrock over the door has lost most of its green and all of its bulbs, and somebody long ago screwed a sheet of ply over the serving hatch and then, apparently, thought better of finishing the job. Inside it still smells faintly of beer and strongly of dust. The stools are stacked. There is a darts board with three darts still in it, and a fixtures lis]]></description><Point><coordinates>100.90665,12.90802,0</coordinates></Point></Placemark>
    <Placemark><name>Sukhumvit Crossing</name><styleUrl>#road</styleUrl><description><![CDATA[<b>sukhumvit_crossing</b><br/><br/>piwin stand<br/><br/>Eight lanes of Sukhumvit Road roaring between you and the Darkside — the east side, where expats go when they stop being tourists. On foot this is a coin flip with a truck. The motosai drivers do it forty times a night.]]></description><Point><coordinates>100.8962,12.91004,0</coordinates></Point></Placemark>
    <Placemark><name>The Water Buffalo</name><styleUrl>#venue</styleUrl><description><![CDATA[<b>water_buffalo</b><br/><br/>type: beer<br/><br/>A Darkside sports bar built like its namesake: wide, unhurried, and impossible to move once settled. Three screens run three different football matches; the pool table is the soi's court of appeal. The beer is ten baht cheaper than town and the regulars will tell you that number before they tell you their names.]]></description><Point><coordinates>100.90699,12.90813,0</coordinates></Point></Placemark>
  </Folder>
  <Folder><name>Jomtien</name>
    <Placemark><name>Cheap Charlie's (Jomtien)</name><styleUrl>#venue</styleUrl><description><![CDATA[<b>cheap_charlies_jt</b><br/><br/>The second one, and the newer regulars swear it is better — more room, a fan that works, and a woman on the wok who does not stop from six until the rice runs out. The board is the same board. The prices are the same prices. The Buakhao lot will tell you it is not the same, and mean it.]]></description><Point><coordinates>100.87118,12.8968,0</coordinates></Point></Placemark>
    <Placemark><name>Coconut Bar</name><styleUrl>#venue</styleUrl><description><![CDATA[<b>coconut</b><br/><br/>type: beer<br/><br/>Thatch over the bar, coconut shells for ashtrays, and a blender that hasn't stopped since 2016. A little louder than its neighbours, a little younger — the closest Soi 7 gets to a party, which is not very, which is the point.]]></description><Point><coordinates>100.8723,12.89779,0</coordinates></Point></Placemark>
    <Placemark><name>Dongtan Beach (Jomtien End)</name><styleUrl>#road</styleUrl><description><![CDATA[<b>dongtan_beach</b><br/><br/>The quieter stretch north of Jomtien proper — by day rainbow flags and beach chairs, the gay end of the sand; right now it's shapes and shadows and the hiss of surf. This is where the two beaches meet: south the sand runs back down to Jomtien, north it carries on up the darker Dongtan shore. Inland to the east the beach road reaches its north end, where it bends into the neon of the Thappraya Main]]></description><Point><coordinates>100.86651,12.89826,0</coordinates></Point></Placemark>
    <Placemark><name>Dongtan Beach (Middle)</name><styleUrl>#road</styleUrl><description><![CDATA[<b>dongtan_beach_m</b><br/><br/>A dark reach of Dongtan sand, well off the Jomtien lights: the surf close and loud, a few couples' silhouettes. The sand runs south back toward Jomtien and north on up the shore; a beach-access path cuts up to Dongtan Beach Road to the east.]]></description><Point><coordinates>100.86048,12.90546,0</coordinates></Point></Placemark>
    <Placemark><name>Dongtan Beach (North)</name><styleUrl>#road</styleUrl><description><![CDATA[<b>dongtan_beach_n</b><br/><br/>The north tip of Dongtan Beach, where the sand runs out against the black shoulder of Pratumnak Hill. Quiet, unlit, the sea working away below. The sand runs south back down the shore; a beach-access path climbs to Dongtan Beach Road to the east.]]></description><Point><coordinates>100.85765,12.90883,0</coordinates></Point></Placemark>
    <Placemark><name>Dongtan Beach (South)</name><styleUrl>#road</styleUrl><description><![CDATA[<b>dongtan_beach_s</b><br/><br/>Dongtan proper begins here, and the difference is immediate: the beach chairs thin out, the lights of Jomtien fall behind, and the sand widens into the dark. The surf is the loudest thing for a hundred metres. A short access path climbs east to Dongtan Beach Road; the sand runs south back toward the Jomtien end and north up the shore.]]></description><Point><coordinates>100.86339,12.90198,0</coordinates></Point></Placemark>
    <Placemark><name>Dongtan Beach Road (Middle)</name><styleUrl>#road</styleUrl><description><![CDATA[<b>dongtan_rd_m</b><br/><br/>The middle of Dongtan Beach Road: quiet condos, a shuttered café or two, beach-access paths down to the sand between them. The road runs south back toward Jomtien and north up toward the hill.]]></description><Point><coordinates>100.86098,12.90586,0</coordinates></Point></Placemark>
    <Placemark><name>Dongtan Beach Road (South)</name><styleUrl>#road</styleUrl><description><![CDATA[<b>dongtan_rd_s</b><br/><br/>The south end of Dongtan Beach Road, where it peels off the top of Jomtien's beach: rainbow flags by day, a mellow gay-friendly stretch, cocktail shacks winding down. Dongtan Beach is back to the south; the road runs on north up the coast.]]></description><Point><coordinates>100.86389,12.90238,0</coordinates></Point></Placemark>
    <Placemark><name>Jomtien Second Road (South)</name><styleUrl>#road</styleUrl><description><![CDATA[<b>jomtien_2nd</b><br/><br/>7-Eleven<br/><br/>The Soi 7 corner on Jomtien's Second Road, traffic hissing both ways. A 7-Eleven holds down the corner, bright as an operating theatre. Straight across the road sprawls Rompho Market. Soi 7 runs back west toward the beach; Second Road runs north up the strip.]]></description><Point><coordinates>100.8729,12.8979,0</coordinates></Point></Placemark>
    <Placemark><name>Jomtien Second Road (Middle)</name><styleUrl>#road</styleUrl><description><![CDATA[<b>jomtien_2nd_m</b><br/><br/>The middle of Second Road: a 24-hour pharmacy, a laundry, a scatter of plastic-stool eateries, and the Jomtien branch of KISS glowing on the east side. The strip runs north to the Thappraya junction and south to the Soi 7 corner.]]></description><Point><coordinates>100.87137,12.89943,0</coordinates></Point></Placemark>
    <Placemark><name>Jomtien Second Road (North)</name><styleUrl>#road</styleUrl><description><![CDATA[<b>jomtien_2nd_n</b><br/><br/>The top of Jomtien's Second Road, where it meets the Thappraya Main Strip climbing up to the east. Shuttered day-shops, a late khanom cart, the traffic thinning. TAKE CARE ME throws a guitar solo down the pavement from the junction; Second Road runs back south down the strip.]]></description><Point><coordinates>100.87021,12.9006,0</coordinates></Point></Placemark>
    <Placemark><name>7-Eleven (Jomtien)</name><styleUrl>#road</styleUrl><description><![CDATA[<b>jomtien_7eleven</b><br/><br/>The cold blast of air-con and the doorbell jingle of civilisation. Shelves of toasties, Mama noodles, and phone accessories. There's a power outlet by the window.]]></description><Point><coordinates>100.86965,12.89584,0</coordinates></Point></Placemark>
    <Placemark><name>Jomtien Beach (South)</name><styleUrl>#road</styleUrl><description><![CDATA[<b>jomtien_beach</b><br/><br/>Soft sand, folded-up loungers, and the last smear of sunset dying over the sea. Two gray-and-white soi cats hold down the end of a lounger, the big one sitting slightly in front of the small one, both watching the water. The beach road glows to the east; the sand runs north up the shore and narrows south toward the Soi 7 end, where a drinks cart is parked. Your face was in this sand until about a ]]></description><Point><coordinates>100.86855,12.89615,0</coordinates></Point></Placemark>
    <Placemark><name>Jomtien Beach (North)</name><styleUrl>#road</styleUrl><description><![CDATA[<b>jomtien_beach_m</b><br/><br/>The north end of Jomtien Beach: raked sand, stacked loungers under folded umbrellas, the surf hissing to the west and the beach road's bus stop lit up to the east. The sand runs south back toward the Soi 7 end and north to where Dongtan's quieter stretch begins.]]></description><Point><coordinates>100.86753,12.8972,0</coordinates></Point></Placemark>
    <Placemark><name>Jomtien Beach Road (Baht Bus Stop)</name><styleUrl>#road</styleUrl><description><![CDATA[<b>jomtien_beach_rd</b><br/><br/>piwin stand · baht bus<br/><br/>The middle of the beach road and the heart of it: a knot of people waiting where the blue songthaews swing around, a sun-bleached sign listing the loop into Pattaya, a lone motosai driver dozing on his bike. Streetlights, seafood smoke, the sea just west across the sand. The beach road runs north toward the Thappraya climb and south past the 7-Eleven toward the mouth of Soi 7.]]></description><Point><coordinates>100.86843,12.89719,0</coordinates></Point></Placemark>
    <Placemark><name>Jomtien Beach Road (North)</name><styleUrl>#road</styleUrl><description><![CDATA[<b>jomtien_beach_rd_n</b><br/><br/>The north end of the beach road, quieter and darker, the sea sighing away to the west. Here it bends east into the neon of the Thappraya Main Strip; a hill road runs on north into the dark toward Pratumnak and, eventually, Pattaya. The bus stop and the Jomtien lights are back to the south, the Dongtan sand off to the west.]]></description><Point><coordinates>100.86698,12.8987,0</coordinates></Point></Placemark>
    <Placemark><name>Jomtien Beach Road (South)</name><styleUrl>#road</styleUrl><description><![CDATA[<b>jomtien_beach_rd_s</b><br/><br/>The south end of the beach road, where it meets the mouth of Soi 7. A 7-Eleven glows on the corner, its air-con bleeding into the street; Soi 7's beer bars and massage shops run inland to the east, the bus stop is back to the north, and the sand and the sea lie west.]]></description><Point><coordinates>100.86989,12.89568,0</coordinates></Point></Placemark>
    <Placemark><name>Jomtien Soi 7 Beach End</name><styleUrl>#road</styleUrl><description><![CDATA[<b>jomtien_soi_7_beach_end</b><br/><br/>Where Soi 7 finally gives out onto the sand: a scrap of hard-packed beach, a couple of upturned boats, and Auntie Nok's drinks cart parked in the lee of a sea almond tree, cooler humming. The beach opens north; Soi 7 runs back inland to the east.]]></description><Point><coordinates>100.86949,12.89537,0</coordinates></Point></Placemark>
    <Placemark><name>Jomtien Soi 7 (East / Second Road end)</name><styleUrl>#road</styleUrl><description><![CDATA[<b>jomtien_soi_7_e</b><br/><br/>The far end of Soi 7, where it spills onto Second Road by a 7-Eleven. A couple more beer bars and a massage shop see out the strip. On the south side, set back behind a fence and a flagpole, squats the grey bulk of the Chonburi Immigration Office — dark and locked at this hour, a place farang only ever visit in daylight and never fondly.]]></description><Point><coordinates>100.87254,12.89763,0</coordinates></Point></Placemark>
    <Placemark><name>Jomtien Soi 7 (Middle)</name><styleUrl>#road</styleUrl><description><![CDATA[<b>jomtien_soi_7_m</b><br/><br/>The middle of Soi 7, where the beer bars thin to guesthouses and a lone som tam cart doing quiet business. CHEAP CHARLIE'S has the corner unit — the Jomtien branch, and the newer regulars swear by it. The soi runs west toward the sea and the beach road, and east toward the Second Road roar.]]></description><Point><coordinates>100.87139,12.89679,0</coordinates></Point></Placemark>
    <Placemark><name>Sunset Oil Massage</name><styleUrl>#venue</styleUrl><description><![CDATA[<b>jomtien_soi_7_oil</b><br/><br/>A pink-lit oil shop halfway down Soi 7, girls on the step, the small sticker on the mirror, and the beach breeze doing its best to keep it wholesome. It fails, pleasantly.]]></description><Point><coordinates>100.87001,12.89582,0</coordinates></Point></Placemark>
    <Placemark><name>Soi 7 Thai Massage</name><styleUrl>#venue</styleUrl><description><![CDATA[<b>jomtien_soi_7_thai</b><br/><br/>A proper traditional shop near the Second Road end: foot chairs, tiger balm, aunties in matching polos, and a price list that stops at 'oil, one hour.' Where the long-stay expats come to get their backs put right.]]></description><Point><coordinates>100.8723,12.89751,0</coordinates></Point></Placemark>
    <Placemark><name>Jomtien Soi 7 (West / beach end)</name><styleUrl>#road</styleUrl><description><![CDATA[<b>jomtien_soi_7_w</b><br/><br/>The beach end of Soi 7, off the south end of the beach road: a mellow strip of open-front beer bars strung with fairy lights, a couple of massage shops, and the easy Jomtien pace — older expats, cold beer, nobody in a hurry. The soi runs east, deeper inland toward Second Road; the sea breeze follows you a little way in.]]></description><Point><coordinates>100.87025,12.89595,0</coordinates></Point></Placemark>
    <Placemark><name>Jomtien Sabai Massage</name><styleUrl>#venue</styleUrl><description><![CDATA[<b>jomtien_thai</b><br/><br/>A breezy open front on the beach road, ceiling fans turning, a rack of aloe gel by the till for the day's crop of sunburned farang. Foot chairs face the sea, the ladies wear a tidy uniform, and the only oil on offer goes on your shoulders. After a day frying on Dongtan, this is the kindest ฿300 in Jomtien.]]></description><Point><coordinates>100.86819,12.89735,0</coordinates></Point></Placemark>
    <Placemark><name>KISS Jomtien</name><styleUrl>#venue</styleUrl><description><![CDATA[<b>kiss_jomtien</b><br/><br/>The Jomtien branch of the famous open-air corner restaurant, just north of Rompho Market — the exact same mile-long menu as the Pattaya original (simple Thai one side, farang comfort food the other) and exactly as packed. Plastic chairs, a grill going full tilt, and in high season a twenty-minute wait for a stool; tonight, just about a seat. (BUY FOOD / EAT · READ MENU.)]]></description><Point><coordinates>100.87113,12.8996,0</coordinates></Point></Placemark>
    <Placemark><name>Lucky 7 Bar</name><styleUrl>#venue</styleUrl><description><![CDATA[<b>lucky7</b><br/><br/>type: beer<br/><br/>The soi's namesake: a friendly open-front beer bar with sevens painted on everything, a Connect 4 frame, and a knot of regulars who've been coming since before the fairy lights. The girls know every one of them by their drink.]]></description><Point><coordinates>100.87001,12.89611,0</coordinates></Point></Placemark>
    <Placemark><name>The Sandbar</name><styleUrl>#venue</styleUrl><description><![CDATA[<b>sandbar</b><br/><br/>type: beer<br/><br/>Last bar before Second Road: a narrow slot with sand actually underfoot, a dartboard, and a cat that outranks everyone. The end-of-the-soi place, where a slow night winds all the way down and the last customers put the stools up themselves.]]></description><Point><coordinates>100.87278,12.89765,0</coordinates></Point></Placemark>
    <Placemark><name>Sea Breeze Bar</name><styleUrl>#venue</styleUrl><description><![CDATA[<b>seabreeze</b><br/><br/>type: beer<br/><br/>Stools that catch the wind straight off the beach, a battered guitar somebody strums between customers, and the most relaxed hostesses in Jomtien. Nobody hard-sells here; the beer is cold and the evening goes where it goes.]]></description><Point><coordinates>100.87049,12.89596,0</coordinates></Point></Placemark>
    <Placemark><name>Rompho Market</name><styleUrl>#venue</styleUrl><description><![CDATA[<b>soi_rompho</b><br/><br/>Directly across Second Road from the mouth of Soi 7: the sprawl of Rompho Market — grilled everything, fruit pyramids, plastic stools, and a haze of chilli smoke. Locals, long-stay farang, and a few bar girls off shift graze the stalls. The Jomtien branch of KISS glows just to the north. (BUY FOOD / EAT.)]]></description><Point><coordinates>100.87266,12.89806,0</coordinates></Point></Placemark>
  </Folder>
  <Folder><name>LK Metro</name>
    <Placemark><name>KINKY Go-Go</name><styleUrl>#venue</styleUrl><description><![CDATA[<b>kinky</b><br/><br/>type: gogo<br/><br/>KINKY in hot pink and black, chrome poles catching the light in a room that's working with what it's got. Good what-it's-got. The dancers are on their game and they know it; the crowd is almost entirely men who've been here before, which is its own kind of recommendation.]]></description><Point><coordinates>100.88498,12.92968,0</coordinates></Point></Placemark>
    <Placemark><name>Las Vegas Go-Go</name><styleUrl>#venue</styleUrl><description><![CDATA[<b>las_vegas</b><br/><br/>type: gogo<br/><br/>The signage budget of a casino, the floor plan of a go-go: LAS VEGAS in letters you can probably read from Soi Buakhao. Inside it earns it — the lights are right, the DJ is good, and the room has the particular buzz of a place that's been doing well since COVID redistributed the western traffic from Walking Street.]]></description><Point><coordinates>100.88441,12.9295,0</coordinates></Point></Placemark>
    <Placemark><name>LK Metro (Corner)</name><styleUrl>#road</styleUrl><description><![CDATA[<b>lk_bend</b><br/><br/>piwin stand<br/><br/>The corner, where the alley stops climbing and turns east. LAS VEGAS GO-GO burns at the turn — the signage outspends everything else in sight. The crowd thins slightly here: the regulars who know the place, the girls finishing a shift on the back of a motorbike, a few tourists who followed the sound far enough to find it. Two open-front beer bars, THE METRO BEER GARDEN and THE PIT STOP, catch the ]]></description><Point><coordinates>100.88445,12.9296,0</coordinates></Point></Placemark>
    <Placemark><name>LK Metro (Entrance)</name><styleUrl>#road</styleUrl><description><![CDATA[<b>lk_entrance</b><br/><br/>piwin stand<br/><br/>The alley mouth off Soi Diana — easy to walk past if you don't know it's there. A handwritten sign on the wall says LK METRO with an arrow, named for the hotel invisible from here. Ten metres in it opens up and suddenly you're somewhere: the alley runs north to a corner, turns east, and comes out on Soi Buakhao at the far end. The no-entry sign for four-wheelers is doing its job: the only vehicles]]></description><Point><coordinates>100.88432,12.92918,0</coordinates></Point></Placemark>
    <Placemark><name>LK Metro (Main Alley)</name><styleUrl>#road</styleUrl><description><![CDATA[<b>lk_main</b><br/><br/>ATM<br/><br/>The long leg of the L, and the one everybody means by LK Metro: bars packed shoulder to shoulder, neon on both sides, sound bleeding from KINKY Go-Go to the north and SLUTTY Go-Go to the south until they're indistinguishable. Good energy — dense, close, the kind of loud that's a decision rather than an accident. A motorbike idles past carrying a girl in full sequins at a speed that's technically l]]></description><Point><coordinates>100.885,12.92957,0</coordinates></Point></Placemark>
    <Placemark><name>The Offside Sports Bar</name><styleUrl>#venue</styleUrl><description><![CDATA[<b>lk_sports</b><br/><br/>type: pub<br/><br/>A proper sports bar wedged into the go-go alley: a wall of screens, a Premier League fixture list chalked up beside a Thai-boxing card, a dartboard with a queue, and a fridge of import beer at import prices. The commentary is in three languages and the groans when a penalty's missed are universal. A quiet corner to sober up in, if the match lets you.]]></description><Point><coordinates>100.88489,12.9295,0</coordinates></Point></Placemark>
    <Placemark><name>The Metro Beer Garden</name><styleUrl>#venue</styleUrl><description><![CDATA[<b>metro_garden</b><br/><br/>type: beer<br/><br/>A strip of pavement roofed in fairy lights and plastic ivy, a beer garden by sheer force of naming. Cold towels, cheap Chang, and a view straight down the alley at the neon. Near keeps the cooler stocked and the stools filled.]]></description><Point><coordinates>100.88448,12.9297,0</coordinates></Point></Placemark>
    <Placemark><name>The Pit Stop</name><styleUrl>#venue</styleUrl><description><![CDATA[<b>pit_stop</b><br/><br/>type: beer<br/><br/>One container-width of bar with a motorsport theme it can't quite afford — a cardboard cutout of a pit crew, a checkered valance, a shelf of dusty toy cars. Milin waves you onto a stool like she's flagging you into the pits.]]></description><Point><coordinates>100.88434,12.92966,0</coordinates></Point></Placemark>
    <Placemark><name>Slutty Go-Go</name><styleUrl>#venue</styleUrl><description><![CDATA[<b>slutty</b><br/><br/>type: gogo<br/><br/>The name is the entire marketing budget and it works. SLUTTY is smaller than it looks from the door, warmer, fuller — a proper standing crowd most nights. The stage is close enough to the bar that the dividing line is mainly theoretical.]]></description><Point><coordinates>100.88503,12.92946,0</coordinates></Point></Placemark>
  </Folder>
  <Folder><name>Myth Night</name>
    <Placemark><name>The Amp Room</name><styleUrl>#venue</styleUrl><description><![CDATA[<b>amp_room</b><br/><br/>type: beer<br/><br/>Speaker cabinets stacked to the ceiling, half of them decorative, all of them sticky. The beer is cold, the bass is a full-body experience, and Ju has to lean in close to take your order — which is, of course, the point.]]></description><Point><coordinates>100.88464,12.93309,0</coordinates></Point></Placemark>
    <Placemark><name>Candy Bar 2</name><styleUrl>#venue</styleUrl><description><![CDATA[<b>candy_bar_2</b><br/><br/>type: beer<br/><br/>Candy's second front: the same rose-pink, the same spotless glasses, the same bell over a newer till — the empire expands. Bee runs the floor with a trainee's energy and the boss's exact smile. A framed photo of the original bar hangs behind the bottles, signed 'สู้ๆ — Candy'.]]></description><Point><coordinates>100.88507,12.93298,0</coordinates></Point></Placemark>
    <Placemark><name>Container 8</name><styleUrl>#venue</styleUrl><description><![CDATA[<b>container_8</b><br/><br/>type: beer<br/><br/>Literally the eighth container in the row, the number stencilled in freight paint and adopted as a name. Toon keeps a jar of chilli-lime peanuts on the bar as bait.]]></description><Point><coordinates>100.88463,12.93234,0</coordinates></Point></Placemark>
    <Placemark><name>Craft &amp; Cargo</name><styleUrl>#venue</styleUrl><description><![CDATA[<b>craft_cargo</b><br/><br/>type: beer<br/><br/>A shipping container with the doors thrown wide, kegs where the freight used to ride, and a blackboard of guest taps chalked in three colours. Mam runs the taps with the calm of someone who has poured through every kind of night.]]></description><Point><coordinates>100.88457,12.93252,0</coordinates></Point></Placemark>
    <Placemark><name>Encore</name><styleUrl>#venue</styleUrl><description><![CDATA[<b>encore_bar</b><br/><br/>type: beer<br/><br/>The after-the-band bar: fairy lights, low stools, a battered acoustic guitar on a hook that everyone threatens to play and nobody does. Pun keeps the tab and the peace.]]></description><Point><coordinates>100.88472,12.93292,0</coordinates></Point></Placemark>
    <Placemark><name>Feedback Bar</name><styleUrl>#venue</styleUrl><description><![CDATA[<b>feedback_bar</b><br/><br/>type: beer<br/><br/>A container split down the long side, one wall a chalkboard of craft taps nobody in here can pronounce. Pat pours a flight of four and lines them up like a dare. (READ BOARD.)]]></description><Point><coordinates>100.88503,12.93307,0</coordinates></Point></Placemark>
    <Placemark><name>Myth Night Market</name><styleUrl>#road</styleUrl><description><![CDATA[<b>myth_night</b><br/><br/>piwin stand<br/><br/>The newest bar complex in town: shipping-container bars, festoon lights, and live-music stages wedged between Soi Buakhao and Second Road, directly across from Central's glow. Young crowd, shared security in grey polos, craft beer at double Chang prices. CANDY BAR 2's rose-pink sign is unmistakably the same pink as the original. North, a LIVE-STAGE YARD throws sound over the roofs; south, the CONT]]></description><Point><coordinates>100.88479,12.93274,0</coordinates></Point></Placemark>
    <Placemark><name>Myth Night — Container Rows</name><styleUrl>#road</styleUrl><description><![CDATA[<b>myth_rows</b><br/><br/>Two facing rows of shipping containers cut open into bars, festoon lights strung between them like rigging. Quieter than the stage yard, a degree cooler, the crowd a little older. CRAFT &amp; CARGO, THE GROWLER, CONTAINER 8, and RELOAD BAR trade pours down the line.]]></description><Point><coordinates>100.88475,12.93247,0</coordinates></Point></Placemark>
    <Placemark><name>Myth Night — Live-Stage Yard</name><styleUrl>#road</styleUrl><description><![CDATA[<b>myth_stage</b><br/><br/>A gravel yard walled in by container bars, all facing a corrugated stage where a covers band murders a Carabao song to a delighted crowd. THE AMP ROOM, FEEDBACK BAR, ENCORE, and SOUNDCHECK BAR ring the yard, each with its own tap wall and its own idea of how loud is too loud.]]></description><Point><coordinates>100.88483,12.93301,0</coordinates></Point></Placemark>
    <Placemark><name>Reload Bar</name><styleUrl>#venue</styleUrl><description><![CDATA[<b>reload_bar</b><br/><br/>type: beer<br/><br/>The last container before the wall, where the crowd washes up to steady itself before another lap of the market. Yaya works the rail, quick with a coaster and a joke.]]></description><Point><coordinates>100.88483,12.93227,0</coordinates></Point></Placemark>
    <Placemark><name>Soundcheck Bar</name><styleUrl>#venue</styleUrl><description><![CDATA[<b>soundcheck_bar</b><br/><br/>type: beer<br/><br/>Closest to the stage and proud of it — you order in the gaps between songs or not at all. Som mouths the prices and holds up fingers, a whole transaction in mime.]]></description><Point><coordinates>100.8849,12.93321,0</coordinates></Point></Placemark>
    <Placemark><name>The Growler</name><styleUrl>#venue</styleUrl><description><![CDATA[<b>the_growler</b><br/><br/>type: beer<br/><br/>Named for the take-home jugs on the back shelf, half of them dusty. A good stool, a cheap pour, and Jib behind the bar who remembers your drink before your name.]]></description><Point><coordinates>100.8849,12.93249,0</coordinates></Point></Placemark>
  </Folder>
  <Folder><name>Naklua</name>
    <Placemark><name>The Anchor Bar</name><styleUrl>#venue</styleUrl><description><![CDATA[<b>anchor_bar</b><br/><br/>type: beer<br/><br/>A nautical-junk beer bar — a real ship's wheel on the wall, glass floats in a net, a barometer nobody trusts. The long-stay crowd holds the stools like moorings. Namfon pours a cold one before you've picked a seat.]]></description><Point><coordinates>100.88982,12.9532,0</coordinates></Point></Placemark>
    <Placemark><name>Dolphin Bar</name><styleUrl>#venue</styleUrl><description><![CDATA[<b>dolphin_bar</b><br/><br/>type: beer<br/><br/>Named for the roundabout to the south, painted with a leaping dolphin that's had a few touch-ups too many. Quiet, cheap, and friendly. Bunny keeps the cooler stocked and the football on low.]]></description><Point><coordinates>100.88971,12.95349,0</coordinates></Point></Placemark>
    <Placemark><name>The Emperor Massage</name><styleUrl>#venue</styleUrl><description><![CDATA[<b>emperor_soapy</b><br/><br/>Four floors of blue neon over the Naklua trade, a doorman in a shiny suit, and past the marble lobby the fishbowl: tiered benches behind one-way glass, two dozen ladies in evening gowns with numbered discs at the hip, some watching a hidden TV, some watching you. The manageress has a laminated menu of tiers. Pick a number; the rest is a package and a very long shower.]]></description><Point><coordinates>100.8893,12.95396,0</coordinates></Point></Placemark>
    <Placemark><name>Your Room — Sabai Palms Hotel</name><styleUrl>#road</styleUrl><description><![CDATA[<b>hotel_room</b><br/><br/>Room 412 of the Sabai Palms Hotel (โรงแรมสบายปาล์ม) — a name the place has spent decades cheerfully failing to live up to. The air-con stutters awake. The bed is exactly as terrible as you remember. A hot shower, a change of shirt — and below the window, the city hums on, wide open.]]></description><Point><coordinates>100.89377,12.95978,0</coordinates></Point></Placemark>
    <Placemark><name>Sabai Palms Soi (Naklua)</name><styleUrl>#road</styleUrl><description><![CDATA[<b>hotel_soi</b><br/><br/>The Sabai Palms' soi. No streetlights — the municipality has been 'fixing' them since March. Two actual palms flank the lobby entrance somewhere down there, and past them, a bed with your name on it.]]></description><Point><coordinates>100.89365,12.95958,0</coordinates></Point></Placemark>
    <Placemark><name>Lotus Oil Massage</name><styleUrl>#venue</styleUrl><description><![CDATA[<b>lotus_oil</b><br/><br/>Pink light, a beaded curtain, air-con bleeding cold onto the pavement, and the little NO SEX sticker on the mirror that the warm oil and the few questions rather contradict. Quieter than the town shops, and in less of a hurry.]]></description><Point><coordinates>100.88904,12.95407,0</coordinates></Point></Placemark>
    <Placemark><name>The Mooring</name><styleUrl>#venue</styleUrl><description><![CDATA[<b>mooring_bar</b><br/><br/>type: beer<br/><br/>The last light before the dark soi, a single-container bar where the harbour smell wins over the beer. Jaja works the rail and remembers birthdays she has no business remembering.]]></description><Point><coordinates>100.88985,12.95304,0</coordinates></Point></Placemark>
    <Placemark><name>Naklua (Bar Corner)</name><styleUrl>#road</styleUrl><description><![CDATA[<b>naklua_bars</b><br/><br/>A pocket of low-key expat beer bars off the main road, the kind that open at four and know every customer's pour by five. No neon war up here — just fairy lights, a sea breeze off the old fishing harbour, and the clack of a single pool table. THE ANCHOR BAR, DOLPHIN BAR, and THE MOORING share the corner and most of the regulars.]]></description><Point><coordinates>100.88967,12.95331,0</coordinates></Point></Placemark>
    <Placemark><name>Naklua (Spa Row)</name><styleUrl>#road</styleUrl><description><![CDATA[<b>naklua_massage</b><br/><br/>The quieter, older end of the trade: no shorts on the step, just tall blue-lit soapland towers and clean traditional shopfronts side by side. NAKLUA TRADITIONAL MASSAGE glows honest white; LOTUS OIL MASSAGE leaks pink and cold air; and the EMPEROR looms four floors over the lot, a fish tank behind one-way glass.]]></description><Point><coordinates>100.88908,12.9538,0</coordinates></Point></Placemark>
    <Placemark><name>Naklua Road</name><styleUrl>#road</styleUrl><description><![CDATA[<b>naklua_rd</b><br/><br/>7-Eleven · ATM · piwin stand · baht bus<br/><br/>North of the Dolphin roundabout the volume drops by half: seafood restaurants, temples, long-stay hotels. Up ahead, the SABAI PALMS HOTEL sign glows over its soi — half the letters out, so it reads 'SA AI PA MS', which the long-stay guests consider part of the charm. The soi itself is dark as a power cut. East, a quiet BAR CORNER of expat beer bars glows low; a SPA ROW of massage and soapland fron]]></description><Point><coordinates>100.88926,12.95343,0</coordinates></Point></Placemark>
    <Placemark><name>Naklua Traditional Massage</name><styleUrl>#venue</styleUrl><description><![CDATA[<b>naklua_thai</b><br/><br/>A calm white shopfront among the seafood restaurants, ceiling fans turning over rows of proper mats. A laminated list — foot 250, Thai 300, herbal compress 400 — and ladies in tidy uniforms who wai and mean it. The honest kind, for the long-stay aches.]]></description><Point><coordinates>100.88891,12.95392,0</coordinates></Point></Placemark>
    <Placemark><name>The Orchid Club</name><styleUrl>#venue</styleUrl><description><![CDATA[<b>orchid_club</b><br/><br/>type: gents<br/><br/>A repurposed villa behind a high wall and an unmarked door — no neon, no barker, just a brass bell and one orchid in the porch. Inside it is cold enough to hang meat, lit low and gold, with deep leather couches whose curtains draw around them, and ladies in not very much already crossing the floor toward you. It opens at noon, for the men who need somewhere to be that isn't home; by dark the same ]]></description><Point><coordinates>100.88884,12.95327,0</coordinates></Point></Placemark>
  </Folder>
  <Folder><name>Pratumnak</name>
    <Placemark><name>Buddha Hill Viewpoint</name><styleUrl>#road</styleUrl><description><![CDATA[<b>buddha_hill</b><br/><br/>The big golden Buddha watches the bay with infinite patience. Below, the whole curve of Pattaya glitters — Walking Street burning neon-pink at the south end. Someone has left an offering of marigolds and a small bottle of red Fanta.]]></description><Point><coordinates>100.86677,12.9204,0</coordinates></Point></Placemark>
    <Placemark><name>Dongtan Beach Road (North)</name><styleUrl>#road</styleUrl><description><![CDATA[<b>dongtan_rd_n</b><br/><br/>The top of Dongtan Beach Road, where it bends inland and up onto the Pratumnak crest. The sand is a black rumour to the west; Pratumnak Hill Road climbs away east over the top.]]></description><Point><coordinates>100.85815,12.90923,0</coordinates></Point></Placemark>
    <Placemark><name>Pratumnak Hill Road (crest)</name><styleUrl>#road</styleUrl><description><![CDATA[<b>pratumnak_hill_rd</b><br/><br/>The saddle over the top of Pratumnak Hill, linking the two roads that climb it — the Thappraya side to the east, the Dongtan Beach side to the west. Walls, viewpoints you can't make out in the dark, and the sea breathing somewhere below on both sides.]]></description><Point><coordinates>100.867,12.9144,0</coordinates></Point></Placemark>
    <Placemark><name>Pratumnak Hill Road (to Pattaya)</name><styleUrl>#road</styleUrl><description><![CDATA[<b>pratumnak_rd</b><br/><br/>piwin stand<br/><br/>The main hill road between Jomtien and Pattaya proper — condos behind walls, sleeping soi dogs, and long stretches where the streetlights have given up. The Buddha Hill viewpoint is up a path to the west; Walking Street is on north.]]></description><Point><coordinates>100.87007,12.92068,0</coordinates></Point></Placemark>
    <Placemark><name>Thappraya Road — Hill (middle)</name><styleUrl>#road</styleUrl><description><![CDATA[<b>thappraya_ext_m</b><br/><br/>Mid-climb on the eastern shoulder of Pratumnak: gated condos, a sleeping soi dog or three, the streetlights getting shy. The lights of Jomtien spread out below to the south.]]></description><Point><coordinates>100.86893,12.90765,0</coordinates></Point></Placemark>
    <Placemark><name>Thappraya Road — Hilltop</name><styleUrl>#road</styleUrl><description><![CDATA[<b>thappraya_ext_n</b><br/><br/>The top of the eastern climb, where the road levels and Pratumnak Hill Road cuts away west across the crest toward the Dongtan side. Quiet, dark, and a long way from a lady drink.]]></description><Point><coordinates>100.87064,12.91354,0</coordinates></Point></Placemark>
    <Placemark><name>Thappraya Road — Hill (lower)</name><styleUrl>#road</styleUrl><description><![CDATA[<b>thappraya_ext_s</b><br/><br/>Where the Main Strip's neon finally gives out and the road tips upward: the last few late-night noodle carts, then condo walls and the hill proper. The strip is back down to the south; the mouth of the Supertown drag alley opens to the west; the road climbs on north.]]></description><Point><coordinates>100.86927,12.90458,0</coordinates></Point></Placemark>
  </Folder>
  <Folder><name>Second Road</name>
    <Placemark><name>Bamboo Oil Massage</name><styleUrl>#venue</styleUrl><description><![CDATA[<b>diana_oil</b><br/><br/>Pink strip light, a beaded curtain, and three girls on plastic stools out front who greet every passing farang with the same unhurried hello. Inside it is cold, dim and clean, and the traffic on Second Road becomes a rumour.]]></description><Point><coordinates>100.88184,12.93077,0</coordinates></Point></Placemark>
    <Placemark><name>Mike's Mall</name><styleUrl>#venue</styleUrl><description><![CDATA[<b>mikes_mall</b><br/><br/>Four floors of strip-lit shopping for people counting it. Luggage, phone repair, tailors who will do you a suit by Thursday, and a whole floor of swimwear that has been there since before the swimwear was fashionable the first time. The lift works most days. Up on the top floor is the food court: laminated photo menus, a fifty-baht plate that is honestly enough food, and a long table of men in]]></description><Point><coordinates>100.88081,12.9319,0</coordinates></Point></Placemark>
    <Placemark><name>Pattaya Night Bazaar</name><styleUrl>#venue</styleUrl><description><![CDATA[<b>night_bazaar</b><br/><br/>Aisle after aisle of the same forty things, and somehow you still slow down. Elephant-print trousers, wooden frogs that croak when you run a stick down their spine, phone cases, fake football shirts, and CHANG SINGLETS in every size from optimistic to honest — the unofficial uniform of a certain kind of holiday. Nobody quotes a first price they expect to get. Deeper in, past the food court and]]></description><Point><coordinates>100.88451,12.93232,0</coordinates></Point></Placemark>
    <Placemark><name>Central Pattaya Road (Pattaya Klang)</name><styleUrl>#road</styleUrl><description><![CDATA[<b>pattaya_klang</b><br/><br/>piwin stand · baht bus<br/><br/>The big east-west artery, bisecting Beach Road, Second Road, and Soi Buakhao in one straight shot from the sea to Sukhumvit. Baht buses, banks, gold shops, and a river of traffic that never quite jams and never quite flows.]]></description><Point><coordinates>100.88651,12.93665,0</coordinates></Point></Placemark>
    <Placemark><name>Poseidon Massage</name><styleUrl>#venue</styleUrl><description><![CDATA[<b>poseidon_soapy</b><br/><br/>Four floors of blue neon and a doorman in a bad suit. Past a lobby of fake marble and a tank of actual fish is the other tank: a wall of bright one-way glass, tiered benches behind it, and behind those a couple of dozen ladies in evening dresses with numbered discs pinned at the hip — some watching a TV you cannot see, some watching you. Toom, the manageress, sits at a little desk with a laminated]]></description><Point><coordinates>100.88606,12.93528,0</coordinates></Point></Placemark>
    <Placemark><name>Second Road (Central)</name><styleUrl>#road</styleUrl><description><![CDATA[<b>second_rd_c</b><br/><br/>baht bus<br/><br/>Mid-Second-Road: baht buses in convoy, pharmacies, and the constant churn between the mall's back doors to the west and the fairy-lit mouth of MYTH NIGHT market to the east.]]></description><Point><coordinates>100.88506,12.93431,0</coordinates></Point></Placemark>
    <Placemark><name>Second Road (Soi Diana)</name><styleUrl>#road</styleUrl><description><![CDATA[<b>second_rd_diana</b><br/><br/>7-Eleven · ATM · piwin stand · baht bus<br/><br/>The mouth of Soi Diana, and Second Road doing what Second Road does: four lanes of baht buses running nose to tail, a permanent shoal of motorbikes in the gutter lane, and pavement so narrow that walking it is a negotiation. The go-go neon starts about twenty metres up the soi and doesn't stop until Buakhao. On this corner: a 7-Eleven with a cash machine, a knot of piwins who have claimed the shad]]></description><Point><coordinates>100.88204,12.93104,0</coordinates></Point></Placemark>
    <Placemark><name>Second Road (Soi Honey)</name><styleUrl>#road</styleUrl><description><![CDATA[<b>second_rd_honey</b><br/><br/>baht bus<br/><br/>Soi Honey opens east off Second Road here — a short bright soi that runs through to Buakhao, and quiet enough at this end that you can hear the bars at the other. Second Road does what it always does around it: four lanes, no gaps, and a pavement everybody shares with the parked bikes.]]></description><Point><coordinates>100.883,12.93189,0</coordinates></Point></Placemark>
    <Placemark><name>Second Road (Soi Myth Night)</name><styleUrl>#road</styleUrl><description><![CDATA[<b>second_rd_myth</b><br/><br/>baht bus<br/><br/>The Soi Myth Night mouth, and you can tell it from a hundred metres by the smell — grilled everything, drifting out of the lane on the back of a bassline. The soi runs east to the night market and on to Buakhao. Out here it is just Second Road, four lanes of it, but the corner has a queue for something.]]></description><Point><coordinates>100.88377,12.93257,0</coordinates></Point></Placemark>
    <Placemark><name>Second Road (Soi 7)</name><styleUrl>#road</styleUrl><description><![CDATA[<b>second_rd_n</b><br/><br/>baht bus<br/><br/>Soi 7 comes out here and carries on east; the seafront is fifteen minutes down it, or four with a piwin. Central Pattaya Road crosses just ahead, cutting the whole town into north and south. Soi 8 comes out a block south, quieter than anything else on this stretch. This block is a massage row: SMILE MASSAGE winks pink from the west side, and opposite, four floors of blue neon spell POSEIDON MASSAG]]></description><Point><coordinates>100.8858,12.93539,0</coordinates></Point></Placemark>
    <Placemark><name>Second Road (South)</name><styleUrl>#road</styleUrl><description><![CDATA[<b>second_rd_s</b><br/><br/>baht bus<br/><br/>The working road running parallel between Beach Road and Soi Buakhao — less neon, more motorbikes, the town with its makeup half off. It climbs south onto the north shoulder of Pratumnak Hill, toward Jomtien beyond.]]></description><Point><coordinates>100.88084,12.92999,0</coordinates></Point></Placemark>
    <Placemark><name>Second Road (Soi 6)</name><styleUrl>#road</styleUrl><description><![CDATA[<b>second_rd_soi6</b><br/><br/>piwin stand · baht bus<br/><br/>Second Road where Soi 6 runs into it, and the contrast does the work: behind you a corridor of shouting neon, out here four lanes of traffic that could not care less. Girls come out of the soi's mouth in ones and twos to buy something from the stall on the corner and go straight back in. A songthaew slows, reads the pavement, decides against it, and rolls on.]]></description><Point><coordinates>100.88788,12.94182,0</coordinates></Point></Placemark>
    <Placemark><name>Second Road Traditional Massage</name><styleUrl>#venue</styleUrl><description><![CDATA[<b>second_thai</b><br/><br/>Blue plastic stools, a certificate on the wall in a gold frame, and a proprietress who runs it like a small clinic. Traditional Thai and oil, done properly and firmly, no funny business — the sort of place the long-stay expats come to get their backs put right after a night that went wrong.]]></description><Point><coordinates>100.88107,12.93014,0</coordinates></Point></Placemark>
    <Placemark><name>Smile Massage</name><styleUrl>#venue</styleUrl><description><![CDATA[<b>smile_massage</b><br/><br/>Pink light and an open front, and two girls in very short shorts draped over the doorway chairs who come alive the instant you slow down — “hello handsome, massaaage, you come!” The sign says massage; the shorts file a dissenting opinion. Inside is cooler and dimmer: curtained cubicles, a wall of mirrors, and a small printed sign in three languages you clock without meaning to — no sex. Waan is al]]></description><Point><coordinates>100.88554,12.93552,0</coordinates></Point></Placemark>
  </Folder>
  <Folder><name>Soi 6</name>
    <Placemark><name>Front Row Bar</name><styleUrl>#venue</styleUrl><description><![CDATA[<b>bay_watch</b><br/><br/>type: beer<br/><br/>A beer bar that leans all the way into what the middle of Soi 6 is good for: a row of stools pulled right up to the open front, angled at the soi like theatre seating. The house joke is a laminated 'SHOW TIMES' card that just reads ALL NIGHT. Somo keeps the cooler cold and the running commentary warm.]]></description><Point><coordinates>100.88662,12.9424,0</coordinates></Point></Placemark>
    <Placemark><name>Cherry Pop Bar</name><styleUrl>#venue</styleUrl><description><![CDATA[<b>cherry_pop</b><br/><br/>type: soi6<br/><br/>Red from floor to ceiling, a bowl of actual cherries on the bar that nobody eats, and a sound system stuck on one bubblegum playlist. Tabtim and Chaba call the odds from the rail. The stairs are where the stairs always are.]]></description><Point><coordinates>100.88736,12.94184,0</coordinates></Point></Placemark>
    <Placemark><name>Golden Dragon Bar</name><styleUrl>#venue</styleUrl><description><![CDATA[<b>golden_dragon</b><br/><br/>type: soi6<br/><br/>Open-fronted, louder than you expected from outside, which is saying something. The gold dragon above the bar was hand-painted by someone's cousin and has been there longer than most of the staff. Vintage Thai pop on the speakers — not the jukebox, it died in 2019, but the playlist is a faithful tribute. Nobody has updated it and nobody has complained. Pia keeps the bar — and the dead jukebox's me]]></description><Point><coordinates>100.88539,12.94251,0</coordinates></Point></Placemark>
    <Placemark><name>Kitten Corner</name><styleUrl>#venue</styleUrl><description><![CDATA[<b>kitten_corner</b><br/><br/>type: soi6<br/><br/>Open to the pavement, walled in cat posters and a neon paw print. Praewa and Nangfah work the front, and the grab-and-giggle starts before you've fully stopped walking; Kesinee watches it all from the till, pricing you before you sit. A staircase at the back goes up to the short-time rooms.]]></description><Point><coordinates>100.88727,12.94218,0</coordinates></Point></Placemark>
    <Placemark><name>The Orchid Room</name><styleUrl>#venue</styleUrl><description><![CDATA[<b>orchid_room</b><br/><br/>type: soi6<br/><br/>The name is the last classy thing about it. Ryan Powers wanted a members' club — leather, low light, single malt, discretion — and got a bacchanal, because the room curdled to match its owner. The 'hostesses' start the night topless and end it well past that; the low light is a strobe; the discretion is a joke told at volume. The clientele is the soi's real economy: high rollers who tip in colours]]></description><Point><coordinates>100.8853,12.94285,0</coordinates></Point></Placemark>
    <Placemark><name>Pink Lotus Lounge</name><styleUrl>#venue</styleUrl><description><![CDATA[<b>pink_lotus</b><br/><br/>type: soi6<br/><br/>White Dish's flagship, and the loudest argument for why the group should not be allowed nice things. The front is open to the street; half the bar is technically the pavement. Neon tubes frame the sign in three colours simultaneously. Inside, the pink is structural — walls, barstools, the girls' outfits, arguably the air itself. Joy is already talking before you sit down. A staircase at the back c]]></description><Point><coordinates>100.8853,12.94285,0</coordinates></Point></Placemark>
    <Placemark><name>Queen Vic Inn</name><styleUrl>#venue</styleUrl><description><![CDATA[<b>queen_vic</b><br/><br/>type: pub<br/><br/>Actual air conditioning. Actual wood panelling. A dartboard. The Queen Vic Inn anchors the quiet middle stretch of Soi 6 with the righteous calm of a man who has seen it all and ordered another pint — the one place on the soi that isn't shouting. Through the window, the soi performs — the show without the sweat (WATCH SOI). Terry holds down the corner stool with a beer and the settled air of a man]]></description><Point><coordinates>100.88623,12.94253,0</coordinates></Point></Placemark>
    <Placemark><name>Your Room — Queen Vic Inn</name><styleUrl>#road</styleUrl><description><![CDATA[<b>qv_room</b><br/><br/>The balcony room over the Queen Vic: wood floors, a ceiling fan with strong opinions, and the balcony itself — a recliner, a small table, and the whole of Soi 6 performing below like a fish tank somebody dropped a radio into. A firm double bed fills the rest of the room — the neon never quite lets go of it, but the blackout curtains and the aircon get you there. A flatscreen on the wall and a mini]]></description><Point><coordinates>100.88623,12.94253,0</coordinates></Point></Placemark>
    <Placemark><name>Ruby Kiss Bar</name><styleUrl>#venue</styleUrl><description><![CDATA[<b>ruby_kiss</b><br/><br/>type: soi6<br/><br/>The last loud front before the soi spills onto Second Road: lipstick-red lighting, a mirror wall, and a lipstick-mark motif on everything including the glasses. Wilai runs the front stools, and Kluay and Benz have already claimed the two nearest for you.]]></description><Point><coordinates>100.88765,12.94205,0</coordinates></Point></Placemark>
    <Placemark><name>The Verandah</name><styleUrl>#venue</styleUrl><description><![CDATA[<b>sandy_toes</b><br/><br/>type: beer<br/><br/>The calmest front on Soi 6: a raised wooden deck a step up off the pavement, a rail, a couple of lazy fans, and enough of a threshold that the soi's aggressive lady-pullers don't bother climbing it. Nina brings the beer to your chair so you never have to give up the good seat.]]></description><Point><coordinates>100.88671,12.94206,0</coordinates></Point></Placemark>
    <Placemark><name>Soi 6 (East End)</name><styleUrl>#road</styleUrl><description><![CDATA[<b>soi6_deep</b><br/><br/>7-Eleven<br/><br/>The east end of the soi, past the quieter middle, where the bars run on toward Second Road and the volume comes roaring back. KITTEN CORNER, CHERRY POP BAR, and RUBY KISS BAR trade wrist-grabs down this stretch — same open ground-floor fronts, same three-colour neon, same staircases behind the bar the menu doesn't mention, and the same foam pool noodles that find your ribs if you try to walk on by]]></description><Point><coordinates>100.88741,12.94198,0</coordinates></Point></Placemark>
    <Placemark><name>Soi 6 (Middle)</name><styleUrl>#road</styleUrl><description><![CDATA[<b>soi6_mid</b><br/><br/>The middle of Soi 6, where the wall of noise thins to something you can hear yourself think over. The hard-selling open fronts of the west end give way to a run of easygoing beer bars whose whole business is letting you sit and watch the parade rather than be dragged into it. The pullers here are lazier, or wiser — they leave the grabbing to the loud ends and pick up the men who wander through wan]]></description><Point><coordinates>100.88647,12.9423,0</coordinates></Point></Placemark>
    <Placemark><name>Soi 6 (West End)</name><styleUrl>#road</styleUrl><description><![CDATA[<b>soi6_street</b><br/><br/>7-Eleven · ATM · piwin stand<br/><br/>The west end of the soi, and it hits you the moment you step in — a wall of bars at volume, each trying to drown the next in bass and shouted Thai pop. No stages, no dark rooms: just open-air fronts at street level thrown wide to the pavement, and the ladies working them, spilling out in sequins and very little else to reel in anything that walks. &quot;HANDSOME MAN!&quot; &quot;Hey! WHERE YOU GO!&quot; You are grabb]]></description><Point><coordinates>100.88544,12.94265,0</coordinates></Point></Placemark>
    <Placemark><name>Sunset Dreams Lounge</name><styleUrl>#venue</styleUrl><description><![CDATA[<b>sunset_dreams</b><br/><br/>type: soi6<br/><br/>Open to the pavement like the rest, but bathed in soft pink light instead of three-colour neon, with a hand-painted cloud mural gone streaky above the bar — the 'dreams' part, such as it is. It's no gentler for the mood lighting: the girls work the open front as hard as anyone on the soi. Kwan folds napkins into cranes at the end of the rail, adding to a row of them lined up like a tiny origami mi]]></description><Point><coordinates>100.88568,12.94272,0</coordinates></Point></Placemark>
    <Placemark><name>The Shady Lady</name><styleUrl>#venue</styleUrl><description><![CDATA[<b>sunset_rail</b><br/><br/>type: beer<br/><br/>A beer bar in the quiet middle of Soi 6, deliberately set back under a low awning and a stand of potted palms — shade, in both senses. A long rail faces the soi so the regulars can watch the parade go past without being in it. Pukky pours without being asked and misses nothing that happens on the pavement.]]></description><Point><coordinates>100.88633,12.94219,0</coordinates></Point></Placemark>
  </Folder>
  <Folder><name>Soi Buakhao</name>
    <Placemark><name>Soi Buakhao (Soi Honey)</name><styleUrl>#road</styleUrl><description><![CDATA[<b>buakhao_honey</b><br/><br/>Soi Honey comes out here, narrow and pink-lit, and for about ten metres the noise of it competes with the soi's own. The Metro mouth is a few doors south, which makes this stretch of pavement a permanent bottleneck: two alleys emptying into one road, everybody crossing to the other side to get round everybody else.]]></description><Point><coordinates>100.88554,12.92994,0</coordinates></Point></Placemark>
    <Placemark><name>Soi Buakhao (Klang End)</name><styleUrl>#road</styleUrl><description><![CDATA[<b>buakhao_klang</b><br/><br/>7-Eleven · ATM · piwin stand<br/><br/>Where the soi gives up and hands you to Central Pattaya Road. The traffic arrives here to die: two baht buses nose to tail with nowhere to go, a third wedged across the mouth of the junction while its driver leans out and negotiates with nobody in particular. The motorbikes don't wait. They come through the gaps in a steady braided stream — a girl side-saddle in six-inch heels holding her hair dow]]></description><Point><coordinates>100.88854,12.93594,0</coordinates></Point></Placemark>
    <Placemark><name>Soi Buakhao (Metro Alley)</name><styleUrl>#road</styleUrl><description><![CDATA[<b>buakhao_lk</b><br/><br/>piwin stand<br/><br/>The mouth of LK Metro, and you can hear it before you reach it — three lanes of go-go bleeding into the soi through a gap barely wide enough for two people and a motorbike, which is what is usually in it. Soi Honey comes out a few doors north. The traffic here does not so much move as take turns, and the pavement has given up and become part of the road.]]></description><Point><coordinates>100.88533,12.92962,0</coordinates></Point></Placemark>
    <Placemark><name>Soi Buakhao (Old Market)</name><styleUrl>#road</styleUrl><description><![CDATA[<b>buakhao_market</b><br/><br/>ATM<br/><br/>The block everyone still calls the market, though the market went years ago — Tree Town took the trade and the tarps came down. What is left is the shape of it: shophouse fronts too wide for what they sell now, a som tam cart holding the corner out of sheer stubbornness, and a smell of papaya salad that could still pull you here from two sois away. SILK ROSE shares the block east, and a pink-lit s]]></description><Point><coordinates>100.883,12.92691,0</coordinates></Point></Placemark>
    <Placemark><name>Soi Buakhao (Made in Thailand)</name><styleUrl>#road</styleUrl><description><![CDATA[<b>buakhao_myth</b><br/><br/>piwin stand<br/><br/>The middle of the artery, and the busiest crossing on it. Soi Made In Thailand opens west — the night plaza, and past it the lane becomes Soi Myth Night and runs on to Second Road. The TREE TOWN arch is a block south, doing fairy-lit best to look like an entrance to somewhere. Between the two, the soi itself is barely moving: a baht bus at walking pace with four people hanging off the back step, m]]></description><Point><coordinates>100.88678,12.93208,0</coordinates></Point></Placemark>
    <Placemark><name>Soi Buakhao (Soi Diana)</name><styleUrl>#road</styleUrl><description><![CDATA[<b>buakhao_n</b><br/><br/>7-Eleven<br/><br/>The expat artery: pharmacies, laundry, bars, repeat. ROCK FACTORY's two-storey stage looms on the corner — currently doing what every band in Thailand does to 'Hotel California' and somehow getting away with it. LUCKY TIGER BAR is just east. South is the old market block, which has not been a market since Tree Town took the trade. A small handwritten LK METRO arrow on a wall points down an alley —]]></description><Point><coordinates>100.8848,12.92881,0</coordinates></Point></Placemark>
    <Placemark><name>Golden Touch Massage</name><styleUrl>#venue</styleUrl><description><![CDATA[<b>buakhao_oil</b><br/><br/>One of a hundred pink-lit shopfronts on Buakhao, indistinguishable from its neighbours except that this one caught your eye. Girls in shorts on the step, a beaded curtain, air-con leaking cold onto the pavement, and the inevitable little sticker on the mirror inside. The oil is warm and the questions are few.]]></description><Point><coordinates>100.88312,12.92676,0</coordinates></Point></Placemark>
    <Placemark><name>Soi Buakhao (South)</name><styleUrl>#road</styleUrl><description><![CDATA[<b>buakhao_s</b><br/><br/>piwin stand<br/><br/>The bottom of the soi, where Buakhao runs out of bars and hands you to Second Road. The neon thins, the pavement widens, and the noise arrives from behind you rather than around you. A motosai stand waits by the corner with its engines ticking, because this is where people finally admit they are going home.]]></description><Point><coordinates>100.88002,12.9249,0</coordinates></Point></Placemark>
    <Placemark><name>Soi Buakhao (Tree Town Arch)</name><styleUrl>#road</styleUrl><description><![CDATA[<b>buakhao_tt</b><br/><br/>piwin stand<br/><br/>The TREE TOWN arch stands west off the soi, strung with fairy lights and swallowing tourists at a steady rate. Out here the traffic has thickened to a crawl — a baht bus stopped dead with its back step crowded, another behind it, and the bikes going round the pair of them on whichever side has opened up. Two girls on the back of one wave at somebody they know outside the arch. The pavement is a si]]></description><Point><coordinates>100.88646,12.93146,0</coordinates></Point></Placemark>
    <Placemark><name>Candy Bar</name><styleUrl>#venue</styleUrl><description><![CDATA[<b>candy_bar</b><br/><br/>type: beer<br/><br/>A rose-pink corner bar, spotless, with a bell over the till and a wall of photos going back decades — same bar, same smile, different haircuts. Run like a harbourmaster's deck, nothing out of place. There's a power outlet under the counter, for customers the boss likes.]]></description><Point><coordinates>100.88474,12.92857,0</coordinates></Point></Placemark>
    <Placemark><name>Cheap Charlie's</name><styleUrl>#venue</styleUrl><description><![CDATA[<b>cheap_charlies</b><br/><br/>Six stools, a chest freezer, a laminated board of numbered dishes and a chalked one underneath it that says WHATEVER SHE MADE TODAY. Forty baht gets you fed; sixty gets you fed properly. Half the men in here have been eating at this counter since before the branch in Jomtien existed, and they will tell you so. The original, they say, with the particular pride of people who found something cheap be]]></description><Point><coordinates>100.88462,12.92839,0</coordinates></Point></Placemark>
    <Placemark><name>Jasmine Garden Bar</name><styleUrl>#venue</styleUrl><description><![CDATA[<b>jasmine_garden</b><br/><br/>type: beer<br/><br/>Plants everywhere — real ones, thriving, which tells you someone here shows up in daylight too. Jasmine garlands over the spirit house out front.]]></description><Point><coordinates>100.87915,12.92414,0</coordinates></Point></Placemark>
    <Placemark><name>Klang Corner Massage</name><styleUrl>#venue</styleUrl><description><![CDATA[<b>klang_massage</b><br/><br/>A narrow shopfront wedged between a laundry and a shuttered phone repair stall, close enough to the junction that the traffic noise comes through the wall. Four mats, a fan on a stand, and a lady who has been doing this for twenty years and can tell from your walk which shoulder is the problem.]]></description><Point><coordinates>100.88832,12.93567,0</coordinates></Point></Placemark>
    <Placemark><name>Lucky Tiger Bar</name><styleUrl>#venue</styleUrl><description><![CDATA[<b>lucky_tiger</b><br/><br/>type: beer<br/><br/>Tiger stripes on the bar top, a golden waving cat with dead batteries, and a pool table with a lean you could ski off. Loud, friendly, dangerous to wallets in the normal, voluntary way.]]></description><Point><coordinates>100.88506,12.92901,0</coordinates></Point></Placemark>
    <Placemark><name>Your Room — LK Metropole</name><styleUrl>#road</styleUrl><description><![CDATA[<b>metropole_room</b><br/><br/>A proper tower room at the LK Metropole: blackout curtains, aircon set to walk-in fridge, a shower with municipal water pressure. From the window, the LK Metro alley glows directly below like a lit fuse. The lift goes down to the lobby on Soi Buakhao — and the fire stairs, the bellboy mentions with a wink, come out in the alley itself.]]></description><Point><coordinates>100.88485,12.92974,0</coordinates></Point></Placemark>
    <Placemark><name>Plaza Thai Massage</name><styleUrl>#venue</styleUrl><description><![CDATA[<b>myth_massage</b><br/><br/>Right on the corner of the plaza, doors open to the soi so the whole street can watch a row of farang being folded in half. Nobody minds. There is a hand-lettered price list, a stack of loose cotton trousers, and a kettle that never quite goes off the boil.]]></description><Point><coordinates>100.88701,12.93184,0</coordinates></Point></Placemark>
    <Placemark><name>Rock Factory</name><styleUrl>#venue</styleUrl><description><![CDATA[<b>rock_factory</b><br/><br/>type: beer<br/><br/>A two-storey live-music bar that earns its name: the sound hits you at the gate — guitar, bass, and drums in genuine conversation, not just backing-track volume. The stage is at the back, elevated two steps, a Filipino four-piece in matching black polos working through the classic-rock songbook with the conviction of people who have never once been wrong. A tip box balances on the monitor wedge. T]]></description><Point><coordinates>100.88489,12.92914,0</coordinates></Point></Placemark>
    <Placemark><name>Silk Rose Bar</name><styleUrl>#venue</styleUrl><description><![CDATA[<b>silk_rose</b><br/><br/>type: beer<br/><br/>Quieter. Silk flowers in Singha bottles, a cashier doing sudoku, and two regulars who have been mid-argument about football since 2019.]]></description><Point><coordinates>100.88327,12.92693,0</coordinates></Point></Placemark>
  </Folder>
  <Folder><name>Soi Diana</name>
    <Placemark><name>Your Room — Areca Lodge</name><styleUrl>#road</styleUrl><description><![CDATA[<b>areca_room</b><br/><br/>A proper mid-range room at the Areca Lodge on Soi Diana: firm bed, cold aircon that actually works, a kettle, and a window over the garden pool where a few long-stay couples are doing slow lengths. Comfortable, central, unremarkable in the best way — the whole soi's racket is thirty seconds out the door, and none of it follows you in.]]></description><Point><coordinates>100.8829,12.92915,0</coordinates></Point></Placemark>
    <Placemark><name>The Cricketers</name><styleUrl>#venue</styleUrl><description><![CDATA[<b>cricketers</b><br/><br/>type: beer<br/><br/>A farang sports bar wedged onto the go-go soi: three screens, a dartboard, a menu of pies, and a knot of expats who've solved the world twice over by nine o'clock. There are girls, and there is beer, but mostly there is opinion. Somebody is explaining the offside rule to a hostess who stopped listening in 2019. (READ MENU · PLAY DARTS.)]]></description><Point><coordinates>100.88453,12.9293,0</coordinates></Point></Placemark>
    <Placemark><name>Soi Diana (Buakhao end)</name><styleUrl>#road</styleUrl><description><![CDATA[<b>diana_e</b><br/><br/>The Buakhao end of Soi Diana. The LK Metro alley opens off to one side (its other mouth is up on Buakhao proper); the Areca Lodge's lit driveway is on the other. Ahead, the soi spills onto Soi Buakhao by the 7-Eleven on the corner — Candy Bar's rose-pink sign glows just two doors south of it.]]></description><Point><coordinates>100.88447,12.92908,0</coordinates></Point></Placemark>
    <Placemark><name>Soi Diana (middle)</name><styleUrl>#road</styleUrl><description><![CDATA[<b>diana_mid</b><br/><br/>The thick of Soi Diana: open beer bars shoulder to shoulder down both sides, barkers working the narrow strip between, a hundred fairy-lit stools and a lady on every one. A side door of the LK Metro complex breathes cold air and go-go bass from further east — but that's the complex; the soi itself keeps it simple. Somewhere a bell rings and a whole bar cheers.]]></description><Point><coordinates>100.88342,12.92993,0</coordinates></Point></Placemark>
    <Placemark><name>Soi Diana (Second Road end)</name><styleUrl>#road</styleUrl><description><![CDATA[<b>diana_w</b><br/><br/>piwin stand<br/><br/>The Second Road mouth of Soi Diana, a long strip of open-fronted beer bars one block south of Soi Honey. On the south corner, the open-air KISS restaurant does brisk trade under its fairy lights — everyone in Pattaya gives directions off it. East, the soi runs away into warm light and eighty different sound systems; the first beer bar's girls are already waving.]]></description><Point><coordinates>100.88237,12.93078,0</coordinates></Point></Placemark>
    <Placemark><name>The Dollhouse</name><styleUrl>#venue</styleUrl><description><![CDATA[<b>dollhouse</b><br/><br/>type: beer<br/><br/>A big open-fronted beer bar, all fairy lights and cane stools, its counter wrapped in a horseshoe so the girls can reach every seat. No stage, no pole — just cold Chang, a Connect 4 frame, and a dozen hostesses who treat every farang who slows down as a long-lost friend.]]></description><Point><coordinates>100.88199,12.93126,0</coordinates></Point></Placemark>
    <Placemark><name>KISS Restaurant</name><styleUrl>#venue</styleUrl><description><![CDATA[<b>kiss</b><br/><br/>The famous open-air corner restaurant at the mouth of Soi Diana — plastic chairs, paper menus a mile long (simple Thai one side, farang comfort food the other), and a grill going full tilt. Everyone knows KISS; everyone meets at KISS. In high season you can stand twenty minutes waiting for a table; tonight there's a stool free, just. (BUY FOOD / EAT · READ MENU.)]]></description><Point><coordinates>100.88205,12.93087,0</coordinates></Point></Placemark>
    <Placemark><name>Sapphire Bar</name><styleUrl>#venue</styleUrl><description><![CDATA[<b>sapphire</b><br/><br/>type: beer<br/><br/>Blue neon over a long open bar, a decent sound system, and stools that face the soi so you can watch Diana churn past while you drink. Friendlier than it is flash — the Sapphire runs on regulars, lady drinks, and the slow art of talking you into one more.]]></description><Point><coordinates>100.88346,12.93015,0</coordinates></Point></Placemark>
    <Placemark><name>Sundowner Bar</name><styleUrl>#venue</styleUrl><description><![CDATA[<b>sundowner</b><br/><br/>type: beer<br/><br/>An open-fronted beer bar with a horseshoe counter, a Connect 4 frame, and a row of friendly girls who'd rather chat than dance. The stools face the soi so you can watch the go-go crowd churn past while you nurse a Chang. Cheaper, easier, kinder on the wallet.]]></description><Point><coordinates>100.88339,12.92971,0</coordinates></Point></Placemark>
  </Folder>
  <Folder><name>Soi Honey</name>
    <Placemark><name>Buzz Inn</name><styleUrl>#venue</styleUrl><description><![CDATA[<b>buzz_inn</b><br/><br/>type: beer<br/><br/>A narrow slot of a bar, six stools deep, run at a gentle simmer — the sort of place a man ends up when the big bars are too much work. A dartboard nobody uses, a cat asleep on the till, and whichever girls the Honey Trap couldn't seat.]]></description><Point><coordinates>100.88513,12.93,0</coordinates></Point></Placemark>
    <Placemark><name>Honeycomb Massage</name><styleUrl>#venue</styleUrl><description><![CDATA[<b>honey_soapy</b><br/><br/>The blue-neon soapland the soi is named for: three floors, a doorman, a lobby that smells of chlorine and jasmine, and the wall of one-way glass where the numbered girls sit under honeycomb-gold light. A manageress works the menu at a little desk. Same ritual as Poseidon up on Second Road — a number, a set price, a very long shower.]]></description><Point><coordinates>100.88328,12.93142,0</coordinates></Point></Placemark>
    <Placemark><name>Honey Trap Bar</name><styleUrl>#venue</styleUrl><description><![CDATA[<b>honey_trap</b><br/><br/>type: beer<br/><br/>The loud one: a horseshoe bar under a ceiling solid with fairy lights, a Connect 4 frame chained to the rail, and a hand-painted sign promising HAPPY HOUR ALL NIGHT (it is not). The girls clock you from thirty feet and have your stool wiped before you reach it.]]></description><Point><coordinates>100.88334,12.93188,0</coordinates></Point></Placemark>
    <Placemark><name>The Hive</name><styleUrl>#venue</styleUrl><description><![CDATA[<b>queen_bee</b><br/><br/>type: beer<br/><br/>Yellow-and-black everything, a plywood bee the size of a scooter over the bar, and a sound system punching well above the venue's weight. Smaller and friendlier than the Honey Trap across the way, which the two bars settle nightly by volume.]]></description><Point><coordinates>100.88519,12.93046,0</coordinates></Point></Placemark>
    <Placemark><name>Soi Honey (east end)</name><styleUrl>#road</styleUrl><description><![CDATA[<b>soi_honey_e</b><br/><br/>piwin stand<br/><br/>The Buakhao end of Soi Honey, where the lane spits you back out among the pharmacies and laundries. Two more beer bars face each other across the narrow strip, close enough that the girls of one heckle the customers of the other. It smells of grilled chicken, spilled Chang, and somebody's jasmine.]]></description><Point><coordinates>100.88516,12.93023,0</coordinates></Point></Placemark>
    <Placemark><name>Soi Honey (west end)</name><styleUrl>#road</styleUrl><description><![CDATA[<b>soi_honey_w</b><br/><br/>A short, narrow soi threading between Second Road and Soi Buakhao — the map calls it Soi 11, everyone else calls it Soi Honey, after the soapland whose blue glow owns the west end. Beer bars string fairy lights and Filipino covers across the lane; a soapy massage hums to the south, and the loudest of the beer bars is just north.]]></description><Point><coordinates>100.88331,12.93165,0</coordinates></Point></Placemark>
  </Folder>
  <Folder><name>Thappraya</name>
    <Placemark><name>The Adonis Club</name><styleUrl>#venue</styleUrl><description><![CDATA[<b>adonis_club</b><br/><br/>Cool gold light, a low mirrored bar, and a raised bench where the hosts sit in numbered order — young men, gym-cut, oiled to catch the light, some bored, some working the room with their eyes. A drinks list stands on the bar with prices that would make a Walking Street mamasan weep with envy. Nott runs the floor with a papasan's easy authority; Arm (number 4) and Win (number 9) are the two who clo]]></description><Point><coordinates>100.86756,12.90054,0</coordinates></Point></Placemark>
    <Placemark><name>Arrow Bar</name><styleUrl>#venue</styleUrl><description><![CDATA[<b>arrow_bar</b><br/><br/>type: beer<br/><br/>A couple of doors from the 7-Eleven at the top of the strip: a bright open beer bar with a bullseye painted over the counter, a Connect 4 frame, and a row of hostesses who've clearly done the maths on where the foot traffic enters the soi. First bar most punters hit; many don't get past it.]]></description><Point><coordinates>100.86708,12.89913,0</coordinates></Point></Placemark>
    <Placemark><name>Beach Turn Oil Massage</name><styleUrl>#venue</styleUrl><description><![CDATA[<b>beach_turn_massage</b><br/><br/>A pink-lit oil shop right where the beach road turns into the strip, girls on the step catching the punters as they arrive, the small sticker on the mirror, the usual friendly arrangement.]]></description><Point><coordinates>100.86708,12.89884,0</coordinates></Point></Placemark>
    <Placemark><name>Cheeky Monkey Bar</name><styleUrl>#venue</styleUrl><description><![CDATA[<b>cheeky_monkey</b><br/><br/>type: beer<br/><br/>A Samson-brothers house, mid-strip: cartoon monkeys over the bar, cold towers of Chang, and a crew of hostesses who run it at a permanent gentle party. Same owners as half the strip, and it shows in the fresh paint and the working aircon.]]></description><Point><coordinates>100.86865,12.89985,0</coordinates></Point></Placemark>
    <Placemark><name>Hyper A Go-Go</name><styleUrl>#venue</styleUrl><description><![CDATA[<b>hyper</b><br/><br/>type: gogo<br/><br/>The strip's one go-go, and its jewel: mirrored, chromed, a fog of aircon and bass, a stage of numbered dancers under lights that cost more than the old place ever made. The Samson brothers bought Hyper as a wreck and rebuilt it into this. Working the floor like a general is Diamond, the mamasan — six feet of poise in heels, and every inch of it a choice.]]></description><Point><coordinates>100.86817,12.89999,0</coordinates></Point></Placemark>
    <Placemark><name>The Peacock Cabaret</name><styleUrl>#venue</styleUrl><description><![CDATA[<b>peacock_cabaret</b><br/><br/>Inside it is all mirror and marabou and a stage lit like a jewel box, the little tables packed with a mixed, delighted crowd — gay boys, a hen party, three sunburnt husbands whose wives dragged them in and who are now, unexpectedly, having the night of their lives. Miss Mala compères from the lip of the stage in a headdress you could signal ships with; a younger star, Petch, is halfway through a l]]></description><Point><coordinates>100.86835,12.90094,0</coordinates></Point></Placemark>
    <Placemark><name>Supertown Complex (alley)</name><styleUrl>#road</styleUrl><description><![CDATA[<b>supertown_alley</b><br/><br/>The mouth of the Supertown alley — Jomtien's gay bar complex, an L-bend of half-lit venues running back toward Second Road. Rainbow bunting, a poster for a drag revue, and a security guy on a stool who nods you in, easy. One door glows an unhurried gold: THE ADONIS CLUB, a host bar, a numbered row of oiled young men behind the glass instead of girls. The drag stage is deeper in, at the elbow.]]></description><Point><coordinates>100.8678,12.90042,0</coordinates></Point></Placemark>
    <Placemark><name>Supertown Complex (the elbow)</name><styleUrl>#road</styleUrl><description><![CDATA[<b>supertown_elbow</b><br/><br/>piwin stand<br/><br/>The elbow of the L, where the alley turns and the drag bars cluster — the stage end. One venue is alive tonight: THE PEACOCK CABARET, its mirrored sign lit and pulsing, a queue of boys and a scatter of curious farang filing in under a poster of a sequinned goddess mid-lip-sync. The bass thumps through the wall. The alley carries on east and out onto the foot of the Thappraya hill road, where the s]]></description><Point><coordinates>100.86819,12.90079,0</coordinates></Point></Placemark>
    <Placemark><name>Take Care Me</name><styleUrl>#venue</styleUrl><description><![CDATA[<b>take_care_me</b><br/><br/>type: pub<br/><br/>A live-music rock pub at the top of Second Road end of the strip — a proper stage, a tight Filipino band murdering and resurrecting the classics, and a crowd three deep at the rail. No house girls work it, but the freelancers love it: they come for the music, the cold beer, and the chance to pick a man who came for the same. Loud, sweaty, and the best room on the strip.]]></description><Point><coordinates>100.86961,12.90113,0</coordinates></Point></Placemark>
    <Placemark><name>Thappraya Rd — Main Strip (Second Road end)</name><styleUrl>#road</styleUrl><description><![CDATA[<b>thappraya_e</b><br/><br/>7-Eleven · piwin stand<br/><br/>The far end of the strip, spilling onto Second Road. TAKE CARE ME, a live-music rock pub, throws a guitar solo out its open front — the freelancers' favourite, and loud about it. Another 7-Eleven glows across the intersection. One last beer bar and a massage shop see out the strip before the traffic of Second Road takes over.]]></description><Point><coordinates>100.86985,12.90097,0</coordinates></Point></Placemark>
    <Placemark><name>Thappraya Thai Massage</name><styleUrl>#venue</styleUrl><description><![CDATA[<b>thappraya_massage</b><br/><br/>A proper traditional shop near the Second Road end of the strip: foot chairs, tiger balm, a wall price list, and firm-thumbed aunties who do exactly one thing and do it well. No sticker on this mirror.]]></description><Point><coordinates>100.86961,12.90084,0</coordinates></Point></Placemark>
    <Placemark><name>Thappraya Rd — Main Strip (middle)</name><styleUrl>#road</styleUrl><description><![CDATA[<b>thappraya_mid</b><br/><br/>The thick of the strip: beer bars and their fairy lights, and on the south side HYPER A-GO-GO throwing chrome light across the road — run-down for years until the Samson brothers gutted and remade it. On the north side a narrow L-shaped alley cuts away toward Second Road: the SUPERTOWN complex, Jomtien's gay quarter, its drag-show lights flickering somewhere around the elbow.]]></description><Point><coordinates>100.86841,12.89983,0</coordinates></Point></Placemark>
    <Placemark><name>Thappraya Rd — Main Strip (west)</name><styleUrl>#road</styleUrl><description><![CDATA[<b>thappraya_w</b><br/><br/>7-Eleven<br/><br/>Where the beach road turns inland and becomes the Main Strip of Jomtien: neon, barkers, and the warm churn of the night starting up. A 7-Eleven holds the north corner where the road bends east. A couple of doors down, ARROW BAR's sign buzzes; across the way a discreet gentleman's club keeps its door shut and its aircon cold. The strip runs east.]]></description><Point><coordinates>100.86732,12.89897,0</coordinates></Point></Placemark>
    <Placemark><name>The Boardroom</name><styleUrl>#venue</styleUrl><description><![CDATA[<b>the_boardroom</b><br/><br/>type: gents<br/><br/>A gentleman's club behind a shut door at the top of the strip: cold, gold, low-lit, deep leather couches with curtains that draw, and ladies already crossing the floor in not very much. Quiet money, discretion, and a barfine that reflects both. The strip's noise dies the moment the door sighs closed behind you.]]></description><Point><coordinates>100.86756,12.89899,0</coordinates></Point></Placemark>
    <Placemark><name>The Office Bar</name><styleUrl>#venue</styleUrl><description><![CDATA[<b>the_office</b><br/><br/>type: beer<br/><br/>The other Samson beer bar, down the Second Road end — the joke's on the sign, so a man can honestly say he's 'at the office.' Dartboard, a telly showing football nobody watches, and the easy end-of-strip pace before Second Road takes over. (PLAY DARTS.)]]></description><Point><coordinates>100.87009,12.90099,0</coordinates></Point></Placemark>
    <Placemark><name>The Velvet Club</name><styleUrl>#venue</styleUrl><description><![CDATA[<b>velvet_club</b><br/><br/>type: gents<br/><br/>The strip's second gentleman's club, mid-way and even quieter: velvet, brass, a whisper of a sound system, and hostesses who don't chase — you buy a drink, they settle in close, and the rest is between you and the curtain. Another of the Samson brothers' rooms, run cold and expensive on purpose.]]></description><Point><coordinates>100.86817,12.8997,0</coordinates></Point></Placemark>
  </Folder>
  <Folder><name>Tree Town</name>
    <Placemark><name>Gold Rush Lounge</name><styleUrl>#venue</styleUrl><description><![CDATA[<b>gold_rush</b><br/><br/>type: beer<br/><br/>Gold tinsel, gold bar stools, gold-painted everything, none of it gold. A nervous sweetness to the place, like it's trying hard on its first week too.]]></description><Point><coordinates>100.8859,12.93168,0</coordinates></Point></Placemark>
    <Placemark><name>Lucky Charm Bar</name><styleUrl>#venue</styleUrl><description><![CDATA[<b>lucky_charm</b><br/><br/>type: beer<br/><br/>Horseshoes, four-leaf clovers, a lottery-number shrine, and a pool table with a lucky rip in the felt. Namtip and Bella will read your palm for a lady drink and predict, every time, that you buy another.]]></description><Point><coordinates>100.88516,12.93104,0</coordinates></Point></Placemark>
    <Placemark><name>Moonshine Bar</name><styleUrl>#venue</styleUrl><description><![CDATA[<b>moonshine_bar</b><br/><br/>type: beer<br/><br/>A jars-on-the-shelf hillbilly theme done on a Pattaya budget — fairy lights in mason jars, a banjo nobody plays, ya dong in an unlabelled bottle for the brave. Prik and Mek run the rail and dare you to try the house infusion.]]></description><Point><coordinates>100.88558,12.93098,0</coordinates></Point></Placemark>
    <Placemark><name>Madam Oy's Office</name><styleUrl>#road</styleUrl><description><![CDATA[<b>oy_office</b><br/><br/>Ledgers squared to the desk edge, a shrine shelf with fresh marigolds, framed photos: a farm gate in Isaan, a young dancer with a number pinned to her hip, three condo lobbies. Bolted to the floor: a steel safe with a Thai-numeral keypad.]]></description><Point><coordinates>100.88464,12.9311,0</coordinates></Point></Placemark>
    <Placemark><name>The Rabbit Hole</name><styleUrl>#venue</styleUrl><description><![CDATA[<b>rabbit_hole</b><br/><br/>type: beer<br/><br/>A burrow of a bar you have to duck to enter, painted with tumbling playing cards and a grinning cat. Deeper than it looks and easy to lose an evening in. Aump and Guitar keep the stools warm and the tab creeping.]]></description><Point><coordinates>100.88522,12.93102,0</coordinates></Point></Placemark>
    <Placemark><name>Rainbow Girls Bar</name><styleUrl>#venue</styleUrl><description><![CDATA[<b>rainbow_girls</b><br/><br/>type: gogo<br/><br/>Madam Oy's flagship: the best-run go-go in the maze. A DJ booth with actual taste, a cashier's cage strung with fairy lights, and a door marked ห้ามเข้า behind the bar — guarded by security who look extremely employed. Somewhere behind that door is an office, and in that office is a safe.]]></description><Point><coordinates>100.88482,12.93114,0</coordinates></Point></Placemark>
    <Placemark><name>Starlight Bar</name><styleUrl>#venue</styleUrl><description><![CDATA[<b>starlight_bar</b><br/><br/>type: beer<br/><br/>Blue LEDs pricked into the ceiling like a planetarium with a drinks licence. The pours are honest and the banter is not. Pim is behind the bar, looking at you the way she looks at everything — like she already knows the punchline.]]></description><Point><coordinates>100.8856,12.93166,0</coordinates></Point></Placemark>
    <Placemark><name>Tree Town (Back Lane)</name><styleUrl>#road</styleUrl><description><![CDATA[<b>tt_back</b><br/><br/>The maze's unlit armpit: kitchen doors, a mop graveyard, and rats with routines. Without light, every exit feels like the same wrong one. South, past the bins, a FAR LANE of cheap bars nobody photographs leaks a little warm light.]]></description><Point><coordinates>100.88535,12.93128,0</coordinates></Point></Placemark>
    <Placemark><name>Tree Town (Deep Corner)</name><styleUrl>#road</styleUrl><description><![CDATA[<b>tt_deep</b><br/><br/>The deepest corner of the maze, where the neon gives out entirely. One big sign burns at the end of the lane: RAINBOW GIRLS BAR, every letter a different colour.]]></description><Point><coordinates>100.88508,12.93118,0</coordinates></Point></Placemark>
    <Placemark><name>Tree Town (Entrance Arch)</name><styleUrl>#road</styleUrl><description><![CDATA[<b>tt_entrance</b><br/><br/>7-Eleven · ATM · piwin stand<br/><br/>The neon arch of TREE TOWN, gateway to a pocket maze of go-gos and beer bars. Painted directions in Thai point into the tangle. Shared security lounges by the arch on plastic stools — bounce out of one bar here and you've bounced out of all of them.]]></description><Point><coordinates>100.88618,12.9315,0</coordinates></Point></Placemark>
    <Placemark><name>Tree Town (Inner Lane)</name><styleUrl>#road</styleUrl><description><![CDATA[<b>tt_lane_1</b><br/><br/>Bars stacked shoulder to shoulder, neon bleeding into neon. GOLD RUSH LOUNGE glitters to the north. Painted Thai arrows on the wall offer guidance to those who can read them.]]></description><Point><coordinates>100.88588,12.93148,0</coordinates></Point></Placemark>
    <Placemark><name>Tree Town (Cross Lane)</name><styleUrl>#road</styleUrl><description><![CDATA[<b>tt_lane_2</b><br/><br/>A junction where the lanes cross and the signage starts to feel personal — like it was designed to confuse. STARLIGHT BAR's blue sign fizzes at the north corner. Thai arrows point in three directions, contradicting each other with quiet confidence.]]></description><Point><coordinates>100.88558,12.93146,0</coordinates></Point></Placemark>
    <Placemark><name>Tree Town (Far Lane)</name><styleUrl>#road</styleUrl><description><![CDATA[<b>tt_lane_3</b><br/><br/>The cheap seats of the maze, behind the kitchens where the rent drops and the neon budget with it: three little bars under one sagging string of bulbs. THE RABBIT HOLE, LUCKY CHARM BAR, and MOONSHINE BAR trade the regulars who ran out of maze. Friendlier than it has any right to be down here.]]></description><Point><coordinates>100.88536,12.93106,0</coordinates></Point></Placemark>
  </Folder>
  <Folder><name>Walking Street</name>
    <Placemark><name>Bali Hai Pier</name><styleUrl>#road</styleUrl><description><![CDATA[<b>bali_hai</b><br/><br/>piwin stand · baht bus<br/><br/>Walking Street runs out of neon and hands you to the water. The pier goes out into the dark on concrete legs, the Koh Larn boats tied up for the night with their awnings rolled, and the bay doing that thing where it looks enormous and completely quiet a hundred metres from the loudest street in Thailand. Behind you the strip is still going. In front of you a row of songthaews wait with their engin]]></description><Point><coordinates>100.86855,12.9246,0</coordinates></Point></Placemark>
    <Placemark><name>Club Mirage</name><styleUrl>#venue</styleUrl><description><![CDATA[<b>club_mirage</b><br/><br/>type: gogo<br/><br/>Dry ice at ankle height, violet lasers cutting through it in thin lines. Everything in here looks better than it is — that was always the business model, and the model is holding. The crowd is a mix: tourists who found their way in, freelancers working the floor, bar girls two hours past their shift drinking on someone else's tab. Aom materialises beside your stool. You didn't see her cross the fl]]></description><Point><coordinates>100.87294,12.92616,0</coordinates></Point></Placemark>
    <Placemark><name>Crystal Palace A-Go-Go</name><styleUrl>#venue</styleUrl><description><![CDATA[<b>crystal_palace</b><br/><br/>type: gogo<br/><br/>Rhinestones on everything that holds still. The DJ booth rules a wall of subs; the cashier's cage glitters like a shrine. On the back wall, a faded poster of numbered dancers from a different decade — No. 71 circled in red marker, much later, by someone who knew what they were looking at. Crystal Palace is older than most of the girls in it, and carries itself accordingly.]]></description><Point><coordinates>100.86992,12.92508,0</coordinates></Point></Placemark>
    <Placemark><name>Katoey's R Us</name><styleUrl>#venue</styleUrl><description><![CDATA[<b>katoeys</b><br/><br/>type: gogo<br/><br/>Six feet of everything, all of it deliberate. The house is katoey and says so on the sign, which is the point — nobody here is passing, or trying to, and the room is funnier and sharper for it. The heels are higher than anywhere on the street, the lip-sync is better than it has any need to be, and the front-of-house patter would empty a comedy club. Punters arrive by three routes: they know, they ]]></description><Point><coordinates>100.87397,12.92614,0</coordinates></Point></Placemark>
    <Placemark><name>Midnight Sun Bar</name><styleUrl>#venue</styleUrl><description><![CDATA[<b>midnight_sun</b><br/><br/>type: beer<br/><br/>An open-front beer bar with actual conversation levels. Connect 4 boards and sticky Jenga blocks on every table, and a pool table under a low lamp at the back. The yellow neon sun above the till has one ray that won't stop twitching.]]></description><Point><coordinates>100.86987,12.92467,0</coordinates></Point></Placemark>
    <Placemark><name>Neon Paradise A-Go-Go</name><styleUrl>#venue</styleUrl><description><![CDATA[<b>neon_paradise</b><br/><br/>type: gogo<br/><br/>Chrome poles, mirror walls, a sound system you feel in your fillings. The dancers rotate with the unhurried confidence of professionals — fewer of them than there used to be, and the room notices, but the ones here are good. Security by the door: two large gentlemen who have never once been surprised and are not about to start.]]></description><Point><coordinates>100.87243,12.92616,0</coordinates></Point></Placemark>
    <Placemark><name>Paradise Nights Club</name><styleUrl>#venue</styleUrl><description><![CDATA[<b>paradise_nights</b><br/><br/>type: club<br/><br/>Velvet rope, wristbands, drinks that cost like a departure lounge. The floor heaves — tourists, freelancers working the margins, bar girls two hours past their shift in trainers and someone else's jacket. Ping is everywhere at once. The bass physically shortens the room.]]></description><Point><coordinates>100.87044,12.92508,0</coordinates></Point></Placemark>
    <Placemark><name>South Pattaya Road (Pattaya Tai)</name><styleUrl>#road</styleUrl><description><![CDATA[<b>pattaya_tai</b><br/><br/>piwin stand · baht bus<br/><br/>The junction at the bottom of everything. South Pattaya Road comes down from the east and meets Second Road here, a hundred metres short of the Walking Street arch, and at two in the morning it is the busiest crossroads in the city — every songthaew in the south end circling it, piwins stacked three deep on the corner, and a slow river of people who have finished with the strip and not yet decided]]></description><Point><coordinates>100.87546,12.92633,0</coordinates></Point></Placemark>
    <Placemark><name>Soi Diamond</name><styleUrl>#road</styleUrl><description><![CDATA[<b>soi_diamond</b><br/><br/>piwin stand<br/><br/>A short soi off the main strip, and louder than the main strip, which takes doing. Two doors face each other across eight metres of wet concrete and spend the night trying to out-decibel one another: THE WINDMILL on one side, KATOEY'S R US on the other, both with their own doorman, their own flyer girl, and their own idea of what a good time looks like. Between them the soi is a corridor of noise ]]></description><Point><coordinates>100.87379,12.92606,0</coordinates></Point></Placemark>
    <Placemark><name>Ruean Sabai Thai Massage</name><styleUrl>#venue</styleUrl><description><![CDATA[<b>thai_massage</b><br/><br/>A clean, bright shopfront a step off the Walking Street gate: a row of reclining chairs facing the street, a laminated price list on the wall — foot 250, Thai 300, oil 350, aloe for the sunburned — and the good sharp smell of tiger balm. The ladies wear matching polo shirts and wais, are mostly old enough to be your aunt, and mean every knuckle of it. Pensri runs the front. No short shorts, no bar]]></description><Point><coordinates>100.87496,12.92731,0</coordinates></Point></Placemark>
    <Placemark><name>The Windmill</name><styleUrl>#venue</styleUrl><description><![CDATA[<b>windmill</b><br/><br/>type: gogo<br/><br/>The house that decided restraint was somebody else's problem. Three tiers of stage, a lighting rig with more ambition than the budget behind it, and a show that escalates all night on a schedule the regulars can recite. Nobody here is pretending it is a bar with dancing in it. The drinks are dear, the front row is a commitment, and the whole room runs on the understanding that you knew exactly wha]]></description><Point><coordinates>100.8736,12.92598,0</coordinates></Point></Placemark>
    <Placemark><name>Walking Street Side-Alley</name><styleUrl>#road</styleUrl><description><![CDATA[<b>ws_alley</b><br/><br/>Kitchen steam, stacked kegs, a motorbike with no plates. The kind of alley where wallets change hands in both directions.]]></description><Point><coordinates>100.87255,12.92645,0</coordinates></Point></Placemark>
    <Placemark><name>Walking Street Gate</name><styleUrl>#road</styleUrl><description><![CDATA[<b>ws_gate</b><br/><br/>7-Eleven · piwin stand<br/><br/>The arch is still there — WALKING STREET PATTAYA, buzzing and flickering, famous enough that people photograph it before they've seen what's behind it. The strip runs south. It used to be louder. The gap between what this street was and what it is now is not visible from the gate, but you'll feel it by the time you reach the other end. Just east, RUEAN SABAI THAI MASSAGE has a row of foot chairs o]]></description><Point><coordinates>100.87469,12.92745,0</coordinates></Point></Placemark>
    <Placemark><name>Walking Street (North)</name><styleUrl>#road</styleUrl><description><![CDATA[<b>ws_north</b><br/><br/>ATM<br/><br/>Neon canyon, but the neon mix has changed. Bollywood bass competes with Thai pop from somewhere inside Little India's encroachment from the east — restaurant signs in Hindi above what used to be go-go bars, the smell of curry drifting across the touts. NEON PARADISE A-GO-GO still strobes on the west side. CLUB MIRAGE shimmers opposite. The touts with the laminated menus are still here. A dark side]]></description><Point><coordinates>100.87269,12.92616,0</coordinates></Point></Placemark>
    <Placemark><name>Walking Street (South)</name><styleUrl>#road</styleUrl><description><![CDATA[<b>ws_south</b><br/><br/>The deep end of the strip, where the go-gos that survived COVID hold their ground through stubbornness and reputation. CRYSTAL PALACE A-GO-GO at the west, PARADISE NIGHTS CLUB beside it. MIDNIGHT SUN BAR glows a quieter yellow at the south end — beer bar, conversation levels, the kind of place you end up after you've stopped trying. Late enough, the whole strip fills with barfined ladies and their]]></description><Point><coordinates>100.87018,12.92508,0</coordinates></Point></Placemark>
  </Folder>
  <Folder><name>Exits — the bar mat map (220 clean · 25 amber · 11 red)</name>
    <Placemark><name>jomtien_beach —e→ jomtien_beach_rd_s</name><styleUrl>#ok</styleUrl><description><![CDATA[declared <b>e</b>, real bearing 110°, off by 20°]]></description><LineString><tessellate>1</tessellate><coordinates>100.86855,12.89615,0 100.86989,12.89568,0</coordinates></LineString></Placemark>
    <Placemark><name>jomtien_beach —n→ jomtien_beach_m</name><styleUrl>#ok</styleUrl><description><![CDATA[declared <b>n</b>, real bearing 317°, off by 43°]]></description><LineString><tessellate>1</tessellate><coordinates>100.86855,12.89615,0 100.86753,12.8972,0</coordinates></LineString></Placemark>
    <Placemark><name>jomtien_beach —s→ jomtien_soi_7_beach_end</name><styleUrl>#warn</styleUrl><description><![CDATA[declared <b>s</b>, real bearing 130°, off by 50°]]></description><LineString><tessellate>1</tessellate><coordinates>100.86855,12.89615,0 100.86949,12.89537,0</coordinates></LineString></Placemark>
    <Placemark><name>jomtien_beach_m —s→ jomtien_beach</name><styleUrl>#ok</styleUrl><description><![CDATA[declared <b>s</b>, real bearing 137°, off by 43°]]></description><LineString><tessellate>1</tessellate><coordinates>100.86753,12.8972,0 100.86855,12.89615,0</coordinates></LineString></Placemark>
    <Placemark><name>jomtien_beach_m —n→ dongtan_beach</name><styleUrl>#ok</styleUrl><description><![CDATA[declared <b>n</b>, real bearing 317°, off by 43°]]></description><LineString><tessellate>1</tessellate><coordinates>100.86753,12.8972,0 100.86651,12.89826,0</coordinates></LineString></Placemark>
    <Placemark><name>jomtien_beach_m —e→ jomtien_beach_rd</name><styleUrl>#ok</styleUrl><description><![CDATA[declared <b>e</b>, real bearing 91°, off by 1°]]></description><LineString><tessellate>1</tessellate><coordinates>100.86753,12.8972,0 100.86843,12.89719,0</coordinates></LineString></Placemark>
    <Placemark><name>jomtien_soi_7_beach_end —n→ jomtien_beach</name><styleUrl>#warn</styleUrl><description><![CDATA[declared <b>n</b>, real bearing 310°, off by 50°]]></description><LineString><tessellate>1</tessellate><coordinates>100.86949,12.89537,0 100.86855,12.89615,0</coordinates></LineString></Placemark>
    <Placemark><name>jomtien_soi_7_beach_end —e→ jomtien_soi_7_m</name><styleUrl>#ok</styleUrl><description><![CDATA[declared <b>e</b>, real bearing 53°, off by 37°]]></description><LineString><tessellate>1</tessellate><coordinates>100.86949,12.89537,0 100.87139,12.89679,0</coordinates></LineString></Placemark>
    <Placemark><name>dongtan_beach —s→ jomtien_beach_m</name><styleUrl>#ok</styleUrl><description><![CDATA[declared <b>s</b>, real bearing 137°, off by 43°]]></description><LineString><tessellate>1</tessellate><coordinates>100.86651,12.89826,0 100.86753,12.8972,0</coordinates></LineString></Placemark>
    <Placemark><name>dongtan_beach —e→ jomtien_beach_rd_n</name><styleUrl>#ok</styleUrl><description><![CDATA[declared <b>e</b>, real bearing 46°, off by 44°]]></description><LineString><tessellate>1</tessellate><coordinates>100.86651,12.89826,0 100.86698,12.8987,0</coordinates></LineString></Placemark>
    <Placemark><name>dongtan_beach —n→ dongtan_beach_s</name><styleUrl>#ok</styleUrl><description><![CDATA[declared <b>n</b>, real bearing 321°, off by 39°]]></description><LineString><tessellate>1</tessellate><coordinates>100.86651,12.89826,0 100.86339,12.90198,0</coordinates></LineString></Placemark>
    <Placemark><name>jomtien_beach_rd —w→ jomtien_beach_m</name><styleUrl>#ok</styleUrl><description><![CDATA[declared <b>w</b>, real bearing 271°, off by 1°]]></description><LineString><tessellate>1</tessellate><coordinates>100.86843,12.89719,0 100.86753,12.8972,0</coordinates></LineString></Placemark>
    <Placemark><name>jomtien_beach_rd —n→ jomtien_beach_rd_n</name><styleUrl>#ok</styleUrl><description><![CDATA[declared <b>n</b>, real bearing 317°, off by 43°]]></description><LineString><tessellate>1</tessellate><coordinates>100.86843,12.89719,0 100.86698,12.8987,0</coordinates></LineString></Placemark>
    <Placemark><name>jomtien_beach_rd —s→ jomtien_beach_rd_s</name><styleUrl>#ok</styleUrl><description><![CDATA[declared <b>s</b>, real bearing 137°, off by 43°]]></description><LineString><tessellate>1</tessellate><coordinates>100.86843,12.89719,0 100.86989,12.89568,0</coordinates></LineString></Placemark>
    <Placemark><name>jomtien_beach_rd_s —n→ jomtien_beach_rd</name><styleUrl>#ok</styleUrl><description><![CDATA[declared <b>n</b>, real bearing 317°, off by 43°]]></description><LineString><tessellate>1</tessellate><coordinates>100.86989,12.89568,0 100.86843,12.89719,0</coordinates></LineString></Placemark>
    <Placemark><name>jomtien_beach_rd_s —e→ jomtien_soi_7_w</name><styleUrl>#ok</styleUrl><description><![CDATA[declared <b>e</b>, real bearing 52°, off by 38°]]></description><LineString><tessellate>1</tessellate><coordinates>100.86989,12.89568,0 100.87025,12.89595,0</coordinates></LineString></Placemark>
    <Placemark><name>jomtien_beach_rd_s —w→ jomtien_beach</name><styleUrl>#ok</styleUrl><description><![CDATA[declared <b>w</b>, real bearing 290°, off by 20°]]></description><LineString><tessellate>1</tessellate><coordinates>100.86989,12.89568,0 100.86855,12.89615,0</coordinates></LineString></Placemark>
    <Placemark><name>jomtien_soi_7_w —w→ jomtien_beach_rd_s</name><styleUrl>#ok</styleUrl><description><![CDATA[declared <b>w</b>, real bearing 232°, off by 38°]]></description><LineString><tessellate>1</tessellate><coordinates>100.87025,12.89595,0 100.86989,12.89568,0</coordinates></LineString></Placemark>
    <Placemark><name>jomtien_soi_7_w —e→ jomtien_soi_7_m</name><styleUrl>#ok</styleUrl><description><![CDATA[declared <b>e</b>, real bearing 53°, off by 37°]]></description><LineString><tessellate>1</tessellate><coordinates>100.87025,12.89595,0 100.87139,12.89679,0</coordinates></LineString></Placemark>
    <Placemark><name>jomtien_soi_7_m —w→ jomtien_soi_7_w</name><styleUrl>#ok</styleUrl><description><![CDATA[declared <b>w</b>, real bearing 233°, off by 37°]]></description><LineString><tessellate>1</tessellate><coordinates>100.87139,12.89679,0 100.87025,12.89595,0</coordinates></LineString></Placemark>
    <Placemark><name>jomtien_soi_7_m —e→ jomtien_soi_7_e</name><styleUrl>#ok</styleUrl><description><![CDATA[declared <b>e</b>, real bearing 53°, off by 37°]]></description><LineString><tessellate>1</tessellate><coordinates>100.87139,12.89679,0 100.87254,12.89763,0</coordinates></LineString></Placemark>
    <Placemark><name>jomtien_soi_7_m —s→ jomtien_soi_7_beach_end</name><styleUrl>#warn</styleUrl><description><![CDATA[declared <b>s</b>, real bearing 233°, off by 53°]]></description><LineString><tessellate>1</tessellate><coordinates>100.87139,12.89679,0 100.86949,12.89537,0</coordinates></LineString></Placemark>
    <Placemark><name>jomtien_soi_7_e —w→ jomtien_soi_7_m</name><styleUrl>#ok</styleUrl><description><![CDATA[declared <b>w</b>, real bearing 233°, off by 37°]]></description><LineString><tessellate>1</tessellate><coordinates>100.87254,12.89763,0 100.87139,12.89679,0</coordinates></LineString></Placemark>
    <Placemark><name>jomtien_soi_7_e —e→ jomtien_2nd</name><styleUrl>#ok</styleUrl><description><![CDATA[declared <b>e</b>, real bearing 52°, off by 38°]]></description><LineString><tessellate>1</tessellate><coordinates>100.87254,12.89763,0 100.8729,12.8979,0</coordinates></LineString></Placemark>
    <Placemark><name>jomtien_2nd —w→ jomtien_soi_7_e</name><styleUrl>#ok</styleUrl><description><![CDATA[declared <b>w</b>, real bearing 232°, off by 38°]]></description><LineString><tessellate>1</tessellate><coordinates>100.8729,12.8979,0 100.87254,12.89763,0</coordinates></LineString></Placemark>
    <Placemark><name>jomtien_2nd —n→ jomtien_2nd_m</name><styleUrl>#ok</styleUrl><description><![CDATA[declared <b>n</b>, real bearing 316°, off by 44°]]></description><LineString><tessellate>1</tessellate><coordinates>100.8729,12.8979,0 100.87137,12.89943,0</coordinates></LineString></Placemark>
    <Placemark><name>jomtien_2nd_n —s→ jomtien_2nd_m</name><styleUrl>#ok</styleUrl><description><![CDATA[declared <b>s</b>, real bearing 136°, off by 44°]]></description><LineString><tessellate>1</tessellate><coordinates>100.87021,12.9006,0 100.87137,12.89943,0</coordinates></LineString></Placemark>
    <Placemark><name>jomtien_2nd_n —n→ thappraya_e</name><styleUrl>#ok</styleUrl><description><![CDATA[declared <b>n</b>, real bearing 317°, off by 43°]]></description><LineString><tessellate>1</tessellate><coordinates>100.87021,12.9006,0 100.86985,12.90097,0</coordinates></LineString></Placemark>
    <Placemark><name>jomtien_2nd_m —n→ jomtien_2nd_n</name><styleUrl>#ok</styleUrl><description><![CDATA[declared <b>n</b>, real bearing 316°, off by 44°]]></description><LineString><tessellate>1</tessellate><coordinates>100.87137,12.89943,0 100.87021,12.9006,0</coordinates></LineString></Placemark>
    <Placemark><name>jomtien_2nd_m —s→ jomtien_2nd</name><styleUrl>#ok</styleUrl><description><![CDATA[declared <b>s</b>, real bearing 136°, off by 44°]]></description><LineString><tessellate>1</tessellate><coordinates>100.87137,12.89943,0 100.8729,12.8979,0</coordinates></LineString></Placemark>
    <Placemark><name>thappraya_w —e→ thappraya_mid</name><styleUrl>#ok</styleUrl><description><![CDATA[declared <b>e</b>, real bearing 51°, off by 39°]]></description><LineString><tessellate>1</tessellate><coordinates>100.86732,12.89897,0 100.86841,12.89983,0</coordinates></LineString></Placemark>
    <Placemark><name>thappraya_w —w→ jomtien_beach_rd_n</name><styleUrl>#ok</styleUrl><description><![CDATA[declared <b>w</b>, real bearing 231°, off by 39°]]></description><LineString><tessellate>1</tessellate><coordinates>100.86732,12.89897,0 100.86698,12.8987,0</coordinates></LineString></Placemark>
    <Placemark><name>thappraya_mid —w→ thappraya_w</name><styleUrl>#ok</styleUrl><description><![CDATA[declared <b>w</b>, real bearing 231°, off by 39°]]></description><LineString><tessellate>1</tessellate><coordinates>100.86841,12.89983,0 100.86732,12.89897,0</coordinates></LineString></Placemark>
    <Placemark><name>thappraya_mid —e→ thappraya_e</name><styleUrl>#ok</styleUrl><description><![CDATA[declared <b>e</b>, real bearing 51°, off by 39°]]></description><LineString><tessellate>1</tessellate><coordinates>100.86841,12.89983,0 100.86985,12.90097,0</coordinates></LineString></Placemark>
    <Placemark><name>thappraya_mid —n→ supertown_alley</name><styleUrl>#warn</styleUrl><description><![CDATA[declared <b>n</b>, real bearing 315°, off by 45°]]></description><LineString><tessellate>1</tessellate><coordinates>100.86841,12.89983,0 100.8678,12.90042,0</coordinates></LineString></Placemark>
    <Placemark><name>thappraya_e —w→ thappraya_mid</name><styleUrl>#ok</styleUrl><description><![CDATA[declared <b>w</b>, real bearing 231°, off by 39°]]></description><LineString><tessellate>1</tessellate><coordinates>100.86985,12.90097,0 100.86841,12.89983,0</coordinates></LineString></Placemark>
    <Placemark><name>thappraya_e —e→ jomtien_2nd_n</name><styleUrl>#warn</styleUrl><description><![CDATA[declared <b>e</b>, real bearing 137°, off by 47°]]></description><LineString><tessellate>1</tessellate><coordinates>100.86985,12.90097,0 100.87021,12.9006,0</coordinates></LineString></Placemark>
    <Placemark><name>supertown_alley —s→ thappraya_mid</name><styleUrl>#warn</styleUrl><description><![CDATA[declared <b>s</b>, real bearing 135°, off by 45°]]></description><LineString><tessellate>1</tessellate><coordinates>100.8678,12.90042,0 100.86841,12.89983,0</coordinates></LineString></Placemark>
    <Placemark><name>supertown_alley —e→ supertown_elbow</name><styleUrl>#ok</styleUrl><description><![CDATA[declared <b>e</b>, real bearing 46°, off by 44°]]></description><LineString><tessellate>1</tessellate><coordinates>100.8678,12.90042,0 100.86819,12.90079,0</coordinates></LineString></Placemark>
    <Placemark><name>supertown_elbow —w→ supertown_alley</name><styleUrl>#ok</styleUrl><description><![CDATA[declared <b>w</b>, real bearing 226°, off by 44°]]></description><LineString><tessellate>1</tessellate><coordinates>100.86819,12.90079,0 100.8678,12.90042,0</coordinates></LineString></Placemark>
    <Placemark><name>supertown_elbow —n→ thappraya_ext_s</name><styleUrl>#ok</styleUrl><description><![CDATA[declared <b>n</b>, real bearing 16°, off by 16°]]></description><LineString><tessellate>1</tessellate><coordinates>100.86819,12.90079,0 100.86927,12.90458,0</coordinates></LineString></Placemark>
    <Placemark><name>jomtien_beach_rd_n —s→ jomtien_beach_rd</name><styleUrl>#ok</styleUrl><description><![CDATA[declared <b>s</b>, real bearing 137°, off by 43°]]></description><LineString><tessellate>1</tessellate><coordinates>100.86698,12.8987,0 100.86843,12.89719,0</coordinates></LineString></Placemark>
    <Placemark><name>jomtien_beach_rd_n —n→ dongtan_rd_s</name><styleUrl>#ok</styleUrl><description><![CDATA[declared <b>n</b>, real bearing 321°, off by 39°]]></description><LineString><tessellate>1</tessellate><coordinates>100.86698,12.8987,0 100.86389,12.90238,0</coordinates></LineString></Placemark>
    <Placemark><name>jomtien_beach_rd_n —e→ thappraya_w</name><styleUrl>#ok</styleUrl><description><![CDATA[declared <b>e</b>, real bearing 51°, off by 39°]]></description><LineString><tessellate>1</tessellate><coordinates>100.86698,12.8987,0 100.86732,12.89897,0</coordinates></LineString></Placemark>
    <Placemark><name>jomtien_beach_rd_n —w→ dongtan_beach</name><styleUrl>#ok</styleUrl><description><![CDATA[declared <b>w</b>, real bearing 226°, off by 44°]]></description><LineString><tessellate>1</tessellate><coordinates>100.86698,12.8987,0 100.86651,12.89826,0</coordinates></LineString></Placemark>
    <Placemark><name>pratumnak_rd —n→ pattaya_tai</name><styleUrl>#ok</styleUrl><description><![CDATA[declared <b>n</b>, real bearing 43°, off by 43°]]></description><LineString><tessellate>1</tessellate><coordinates>100.87007,12.92068,0 100.87546,12.92633,0</coordinates></LineString></Placemark>
    <Placemark><name>pratumnak_rd —w→ buddha_hill</name><styleUrl>#ok</styleUrl><description><![CDATA[declared <b>w</b>, real bearing 265°, off by 5°]]></description><LineString><tessellate>1</tessellate><coordinates>100.87007,12.92068,0 100.86677,12.9204,0</coordinates></LineString></Placemark>
    <Placemark><name>pratumnak_rd —e→ second_rd_s</name><styleUrl>#ok</styleUrl><description><![CDATA[declared <b>e</b>, real bearing 48°, off by 42°]]></description><LineString><tessellate>1</tessellate><coordinates>100.87007,12.92068,0 100.88084,12.92999,0</coordinates></LineString></Placemark>
    <Placemark><name>thappraya_ext_s —n→ thappraya_ext_m</name><styleUrl>#ok</styleUrl><description><![CDATA[declared <b>n</b>, real bearing 354°, off by 6°]]></description><LineString><tessellate>1</tessellate><coordinates>100.86927,12.90458,0 100.86893,12.90765,0</coordinates></LineString></Placemark>
    <Placemark><name>thappraya_ext_s —s→ supertown_elbow</name><styleUrl>#ok</styleUrl><description><![CDATA[declared <b>s</b>, real bearing 196°, off by 16°]]></description><LineString><tessellate>1</tessellate><coordinates>100.86927,12.90458,0 100.86819,12.90079,0</coordinates></LineString></Placemark>
    <Placemark><name>thappraya_ext_m —s→ thappraya_ext_s</name><styleUrl>#ok</styleUrl><description><![CDATA[declared <b>s</b>, real bearing 174°, off by 6°]]></description><LineString><tessellate>1</tessellate><coordinates>100.86893,12.90765,0 100.86927,12.90458,0</coordinates></LineString></Placemark>
    <Placemark><name>thappraya_ext_m —n→ thappraya_ext_n</name><styleUrl>#ok</styleUrl><description><![CDATA[declared <b>n</b>, real bearing 16°, off by 16°]]></description><LineString><tessellate>1</tessellate><coordinates>100.86893,12.90765,0 100.87064,12.91354,0</coordinates></LineString></Placemark>
    <Placemark><name>thappraya_ext_n —s→ thappraya_ext_m</name><styleUrl>#ok</styleUrl><description><![CDATA[declared <b>s</b>, real bearing 196°, off by 16°]]></description><LineString><tessellate>1</tessellate><coordinates>100.87064,12.91354,0 100.86893,12.90765,0</coordinates></LineString></Placemark>
    <Placemark><name>thappraya_ext_n —w→ pratumnak_hill_rd</name><styleUrl>#ok</styleUrl><description><![CDATA[declared <b>w</b>, real bearing 284°, off by 14°]]></description><LineString><tessellate>1</tessellate><coordinates>100.87064,12.91354,0 100.867,12.9144,0</coordinates></LineString></Placemark>
    <Placemark><name>pratumnak_hill_rd —e→ thappraya_ext_n</name><styleUrl>#ok</styleUrl><description><![CDATA[declared <b>e</b>, real bearing 104°, off by 14°]]></description><LineString><tessellate>1</tessellate><coordinates>100.867,12.9144,0 100.87064,12.91354,0</coordinates></LineString></Placemark>
    <Placemark><name>pratumnak_hill_rd —w→ dongtan_rd_n</name><styleUrl>#ok</styleUrl><description><![CDATA[declared <b>w</b>, real bearing 239°, off by 31°]]></description><LineString><tessellate>1</tessellate><coordinates>100.867,12.9144,0 100.85815,12.90923,0</coordinates></LineString></Placemark>
    <Placemark><name>pratumnak_hill_rd —n→ pratumnak_rd</name><styleUrl>#ok</styleUrl><description><![CDATA[declared <b>n</b>, real bearing 25°, off by 25°]]></description><LineString><tessellate>1</tessellate><coordinates>100.867,12.9144,0 100.87007,12.92068,0</coordinates></LineString></Placemark>
    <Placemark><name>dongtan_rd_n —s→ dongtan_rd_m</name><styleUrl>#ok</styleUrl><description><![CDATA[declared <b>s</b>, real bearing 141°, off by 39°]]></description><LineString><tessellate>1</tessellate><coordinates>100.85815,12.90923,0 100.86098,12.90586,0</coordinates></LineString></Placemark>
    <Placemark><name>dongtan_rd_n —e→ pratumnak_hill_rd</name><styleUrl>#ok</styleUrl><description><![CDATA[declared <b>e</b>, real bearing 59°, off by 31°]]></description><LineString><tessellate>1</tessellate><coordinates>100.85815,12.90923,0 100.867,12.9144,0</coordinates></LineString></Placemark>
    <Placemark><name>dongtan_rd_n —w→ dongtan_beach_n</name><styleUrl>#ok</styleUrl><description><![CDATA[declared <b>w</b>, real bearing 231°, off by 39°]]></description><LineString><tessellate>1</tessellate><coordinates>100.85815,12.90923,0 100.85765,12.90883,0</coordinates></LineString></Placemark>
    <Placemark><name>dongtan_beach_s —s→ dongtan_beach</name><styleUrl>#ok</styleUrl><description><![CDATA[declared <b>s</b>, real bearing 141°, off by 39°]]></description><LineString><tessellate>1</tessellate><coordinates>100.86339,12.90198,0 100.86651,12.89826,0</coordinates></LineString></Placemark>
    <Placemark><name>dongtan_beach_s —n→ dongtan_beach_m</name><styleUrl>#ok</styleUrl><description><![CDATA[declared <b>n</b>, real bearing 321°, off by 39°]]></description><LineString><tessellate>1</tessellate><coordinates>100.86339,12.90198,0 100.86048,12.90546,0</coordinates></LineString></Placemark>
    <Placemark><name>dongtan_beach_s —e→ dongtan_rd_s</name><styleUrl>#ok</styleUrl><description><![CDATA[declared <b>e</b>, real bearing 51°, off by 39°]]></description><LineString><tessellate>1</tessellate><coordinates>100.86339,12.90198,0 100.86389,12.90238,0</coordinates></LineString></Placemark>
    <Placemark><name>dongtan_beach_m —s→ dongtan_beach_s</name><styleUrl>#ok</styleUrl><description><![CDATA[declared <b>s</b>, real bearing 141°, off by 39°]]></description><LineString><tessellate>1</tessellate><coordinates>100.86048,12.90546,0 100.86339,12.90198,0</coordinates></LineString></Placemark>
    <Placemark><name>dongtan_beach_m —n→ dongtan_beach_n</name><styleUrl>#ok</styleUrl><description><![CDATA[declared <b>n</b>, real bearing 321°, off by 39°]]></description><LineString><tessellate>1</tessellate><coordinates>100.86048,12.90546,0 100.85765,12.90883,0</coordinates></LineString></Placemark>
    <Placemark><name>dongtan_beach_m —e→ dongtan_rd_m</name><styleUrl>#ok</styleUrl><description><![CDATA[declared <b>e</b>, real bearing 51°, off by 39°]]></description><LineString><tessellate>1</tessellate><coordinates>100.86048,12.90546,0 100.86098,12.90586,0</coordinates></LineString></Placemark>
    <Placemark><name>dongtan_beach_n —s→ dongtan_beach_m</name><styleUrl>#ok</styleUrl><description><![CDATA[declared <b>s</b>, real bearing 141°, off by 39°]]></description><LineString><tessellate>1</tessellate><coordinates>100.85765,12.90883,0 100.86048,12.90546,0</coordinates></LineString></Placemark>
    <Placemark><name>dongtan_beach_n —e→ dongtan_rd_n</name><styleUrl>#ok</styleUrl><description><![CDATA[declared <b>e</b>, real bearing 51°, off by 39°]]></description><LineString><tessellate>1</tessellate><coordinates>100.85765,12.90883,0 100.85815,12.90923,0</coordinates></LineString></Placemark>
    <Placemark><name>dongtan_rd_m —s→ dongtan_rd_s</name><styleUrl>#ok</styleUrl><description><![CDATA[declared <b>s</b>, real bearing 141°, off by 39°]]></description><LineString><tessellate>1</tessellate><coordinates>100.86098,12.90586,0 100.86389,12.90238,0</coordinates></LineString></Placemark>
    <Placemark><name>dongtan_rd_m —n→ dongtan_rd_n</name><styleUrl>#ok</styleUrl><description><![CDATA[declared <b>n</b>, real bearing 321°, off by 39°]]></description><LineString><tessellate>1</tessellate><coordinates>100.86098,12.90586,0 100.85815,12.90923,0</coordinates></LineString></Placemark>
    <Placemark><name>dongtan_rd_m —w→ dongtan_beach_m</name><styleUrl>#ok</styleUrl><description><![CDATA[declared <b>w</b>, real bearing 231°, off by 39°]]></description><LineString><tessellate>1</tessellate><coordinates>100.86098,12.90586,0 100.86048,12.90546,0</coordinates></LineString></Placemark>
    <Placemark><name>dongtan_rd_s —s→ jomtien_beach_rd_n</name><styleUrl>#ok</styleUrl><description><![CDATA[declared <b>s</b>, real bearing 141°, off by 39°]]></description><LineString><tessellate>1</tessellate><coordinates>100.86389,12.90238,0 100.86698,12.8987,0</coordinates></LineString></Placemark>
    <Placemark><name>dongtan_rd_s —n→ dongtan_rd_m</name><styleUrl>#ok</styleUrl><description><![CDATA[declared <b>n</b>, real bearing 321°, off by 39°]]></description><LineString><tessellate>1</tessellate><coordinates>100.86389,12.90238,0 100.86098,12.90586,0</coordinates></LineString></Placemark>
    <Placemark><name>dongtan_rd_s —w→ dongtan_beach_s</name><styleUrl>#ok</styleUrl><description><![CDATA[declared <b>w</b>, real bearing 231°, off by 39°]]></description><LineString><tessellate>1</tessellate><coordinates>100.86389,12.90238,0 100.86339,12.90198,0</coordinates></LineString></Placemark>
    <Placemark><name>buddha_hill —e→ pratumnak_rd</name><styleUrl>#ok</styleUrl><description><![CDATA[declared <b>e</b>, real bearing 85°, off by 5°]]></description><LineString><tessellate>1</tessellate><coordinates>100.86677,12.9204,0 100.87007,12.92068,0</coordinates></LineString></Placemark>
    <Placemark><name>beach_rd_s —s→ ws_gate</name><styleUrl>#warn</styleUrl><description><![CDATA[declared <b>s</b>, real bearing 229°, off by 49°]]></description><LineString><tessellate>1</tessellate><coordinates>100.87751,12.92983,0 100.87469,12.92745,0</coordinates></LineString></Placemark>
    <Placemark><name>beach_rd_s —n→ beach_rd_c</name><styleUrl>#ok</styleUrl><description><![CDATA[declared <b>n</b>, real bearing 40°, off by 40°]]></description><LineString><tessellate>1</tessellate><coordinates>100.87751,12.92983,0 100.88159,12.9345,0</coordinates></LineString></Placemark>
    <Placemark><name>beach_rd_s —e→ second_rd_s</name><styleUrl>#ok</styleUrl><description><![CDATA[declared <b>e</b>, real bearing 87°, off by 3°]]></description><LineString><tessellate>1</tessellate><coordinates>100.87751,12.92983,0 100.88084,12.92999,0</coordinates></LineString></Placemark>
    <Placemark><name>beach_rd_c —s→ beach_rd_s</name><styleUrl>#ok</styleUrl><description><![CDATA[declared <b>s</b>, real bearing 220°, off by 40°]]></description><LineString><tessellate>1</tessellate><coordinates>100.88159,12.9345,0 100.87751,12.92983,0</coordinates></LineString></Placemark>
    <Placemark><name>beach_rd_c —n→ beach_rd_soi9</name><styleUrl>#ok</styleUrl><description><![CDATA[declared <b>n</b>, real bearing 30°, off by 30°]]></description><LineString><tessellate>1</tessellate><coordinates>100.88159,12.9345,0 100.88247,12.93598,0</coordinates></LineString></Placemark>
    <Placemark><name>beach_rd_c —w→ promenade</name><styleUrl>#ok</styleUrl><description><![CDATA[declared <b>w</b>, real bearing 270°, off by 0°]]></description><LineString><tessellate>1</tessellate><coordinates>100.88159,12.9345,0 100.88117,12.9345,0</coordinates></LineString></Placemark>
    <Placemark><name>beach_rd_c —e→ central_mall</name><styleUrl>#ok</styleUrl><description><![CDATA[declared <b>e</b>, real bearing 93°, off by 3°]]></description><LineString><tessellate>1</tessellate><coordinates>100.88159,12.9345,0 100.88345,12.9344,0</coordinates></LineString></Placemark>
    <Placemark><name>beach_rd_soi7 —n→ beach_rd_n</name><styleUrl>#ok</styleUrl><description><![CDATA[declared <b>n</b>, real bearing 16°, off by 16°]]></description><LineString><tessellate>1</tessellate><coordinates>100.88307,12.93715,0 100.88475,12.94288,0</coordinates></LineString></Placemark>
    <Placemark><name>beach_rd_soi7 —s→ beach_rd_soi9</name><styleUrl>#ok</styleUrl><description><![CDATA[declared <b>s</b>, real bearing 207°, off by 27°]]></description><LineString><tessellate>1</tessellate><coordinates>100.88307,12.93715,0 100.88247,12.93598,0</coordinates></LineString></Placemark>
    <Placemark><name>beach_rd_soi7 —e→ pattaya_soi_7</name><styleUrl>#ok</styleUrl><description><![CDATA[declared <b>e</b>, real bearing 114°, off by 24°]]></description><LineString><tessellate>1</tessellate><coordinates>100.88307,12.93715,0 100.8846,12.9365,0</coordinates></LineString></Placemark>
    <Placemark><name>pattaya_soi_8 —w→ beach_rd_soi7</name><styleUrl>#warn</styleUrl><description><![CDATA[declared <b>w</b>, real bearing 324°, off by 54°]]></description><LineString><tessellate>1</tessellate><coordinates>100.88413,12.93573,0 100.88307,12.93715,0</coordinates></LineString></Placemark>
    <Placemark><name>pattaya_soi_8 —e→ second_rd_n</name><styleUrl>#ok</styleUrl><description><![CDATA[declared <b>e</b>, real bearing 102°, off by 12°]]></description><LineString><tessellate>1</tessellate><coordinates>100.88413,12.93573,0 100.8858,12.93539,0</coordinates></LineString></Placemark>
    <Placemark><name>beach_rd_soi9 —n→ beach_rd_soi7</name><styleUrl>#ok</styleUrl><description><![CDATA[declared <b>n</b>, real bearing 27°, off by 27°]]></description><LineString><tessellate>1</tessellate><coordinates>100.88247,12.93598,0 100.88307,12.93715,0</coordinates></LineString></Placemark>
    <Placemark><name>beach_rd_soi9 —s→ beach_rd_c</name><styleUrl>#ok</styleUrl><description><![CDATA[declared <b>s</b>, real bearing 210°, off by 30°]]></description><LineString><tessellate>1</tessellate><coordinates>100.88247,12.93598,0 100.88159,12.9345,0</coordinates></LineString></Placemark>
    <Placemark><name>beach_rd_soi9 —e→ pattaya_soi_9</name><styleUrl>#ok</styleUrl><description><![CDATA[declared <b>e</b>, real bearing 123°, off by 33°]]></description><LineString><tessellate>1</tessellate><coordinates>100.88247,12.93598,0 100.88377,12.93515,0</coordinates></LineString></Placemark>
    <Placemark><name>pattaya_soi_9 —w→ beach_rd_soi9</name><styleUrl>#ok</styleUrl><description><![CDATA[declared <b>w</b>, real bearing 303°, off by 33°]]></description><LineString><tessellate>1</tessellate><coordinates>100.88377,12.93515,0 100.88247,12.93598,0</coordinates></LineString></Placemark>
    <Placemark><name>pattaya_soi_9 —e→ second_rd_c</name><styleUrl>#ok</styleUrl><description><![CDATA[declared <b>e</b>, real bearing 124°, off by 34°]]></description><LineString><tessellate>1</tessellate><coordinates>100.88377,12.93515,0 100.88506,12.93431,0</coordinates></LineString></Placemark>
    <Placemark><name>promenade —e→ beach_rd_c</name><styleUrl>#ok</styleUrl><description><![CDATA[declared <b>e</b>, real bearing 90°, off by 0°]]></description><LineString><tessellate>1</tessellate><coordinates>100.88117,12.9345,0 100.88159,12.9345,0</coordinates></LineString></Placemark>
    <Placemark><name>beach_rd_n —s→ beach_rd_soi7</name><styleUrl>#ok</styleUrl><description><![CDATA[declared <b>s</b>, real bearing 196°, off by 16°]]></description><LineString><tessellate>1</tessellate><coordinates>100.88475,12.94288,0 100.88307,12.93715,0</coordinates></LineString></Placemark>
    <Placemark><name>beach_rd_n —e→ soi6_street</name><styleUrl>#ok</styleUrl><description><![CDATA[declared <b>e</b>, real bearing 109°, off by 19°]]></description><LineString><tessellate>1</tessellate><coordinates>100.88475,12.94288,0 100.88544,12.94265,0</coordinates></LineString></Placemark>
    <Placemark><name>beach_rd_n —n→ naklua_rd</name><styleUrl>#ok</styleUrl><description><![CDATA[declared <b>n</b>, real bearing 23°, off by 23°]]></description><LineString><tessellate>1</tessellate><coordinates>100.88475,12.94288,0 100.88926,12.95343,0</coordinates></LineString></Placemark>
    <Placemark><name>beach_rd_n —w→ north_beach</name><styleUrl>#ok</styleUrl><description><![CDATA[declared <b>w</b>, real bearing 290°, off by 20°]]></description><LineString><tessellate>1</tessellate><coordinates>100.88475,12.94288,0 100.88371,12.94324,0</coordinates></LineString></Placemark>
    <Placemark><name>north_beach —e→ beach_rd_n</name><styleUrl>#ok</styleUrl><description><![CDATA[declared <b>e</b>, real bearing 110°, off by 20°]]></description><LineString><tessellate>1</tessellate><coordinates>100.88371,12.94324,0 100.88475,12.94288,0</coordinates></LineString></Placemark>
    <Placemark><name>central_mall —w→ beach_rd_c</name><styleUrl>#ok</styleUrl><description><![CDATA[declared <b>w</b>, real bearing 273°, off by 3°]]></description><LineString><tessellate>1</tessellate><coordinates>100.88345,12.9344,0 100.88159,12.9345,0</coordinates></LineString></Placemark>
    <Placemark><name>central_mall —e→ second_rd_c</name><styleUrl>#ok</styleUrl><description><![CDATA[declared <b>e</b>, real bearing 93°, off by 3°]]></description><LineString><tessellate>1</tessellate><coordinates>100.88345,12.9344,0 100.88506,12.93431,0</coordinates></LineString></Placemark>
    <Placemark><name>central_mall —n→ police_station</name><styleUrl>#ok</styleUrl><description><![CDATA[declared <b>n</b>, real bearing 339°, off by 21°]]></description><LineString><tessellate>1</tessellate><coordinates>100.88345,12.9344,0 100.88282,12.93599,0</coordinates></LineString></Placemark>
    <Placemark><name>police_station —s→ central_mall</name><styleUrl>#ok</styleUrl><description><![CDATA[declared <b>s</b>, real bearing 159°, off by 21°]]></description><LineString><tessellate>1</tessellate><coordinates>100.88282,12.93599,0 100.88345,12.9344,0</coordinates></LineString></Placemark>
    <Placemark><name>police_station —w→ beach_rd_soi9</name><styleUrl>#ok</styleUrl><description><![CDATA[declared <b>w</b>, real bearing 268°, off by 2°]]></description><LineString><tessellate>1</tessellate><coordinates>100.88282,12.93599,0 100.88247,12.93598,0</coordinates></LineString></Placemark>
    <Placemark><name>second_rd_s —w→ beach_rd_s</name><styleUrl>#ok</styleUrl><description><![CDATA[declared <b>w</b>, real bearing 267°, off by 3°]]></description><LineString><tessellate>1</tessellate><coordinates>100.88084,12.92999,0 100.87751,12.92983,0</coordinates></LineString></Placemark>
    <Placemark><name>second_rd_s —e→ buakhao_s</name><styleUrl>#bad</styleUrl><description><![CDATA[declared <b>e</b>, real bearing 189°, off by 99°]]></description><LineString><tessellate>1</tessellate><coordinates>100.88084,12.92999,0 100.88002,12.9249,0</coordinates></LineString></Placemark>
    <Placemark><name>second_rd_s —n→ second_rd_diana</name><styleUrl>#warn</styleUrl><description><![CDATA[declared <b>n</b>, real bearing 48°, off by 48°]]></description><LineString><tessellate>1</tessellate><coordinates>100.88084,12.92999,0 100.88204,12.93104,0</coordinates></LineString></Placemark>
    <Placemark><name>second_rd_s —s→ pattaya_tai</name><styleUrl>#warn</styleUrl><description><![CDATA[declared <b>s</b>, real bearing 235°, off by 55°]]></description><LineString><tessellate>1</tessellate><coordinates>100.88084,12.92999,0 100.87546,12.92633,0</coordinates></LineString></Placemark>
    <Placemark><name>second_rd_c —s→ second_rd_myth</name><styleUrl>#ok</styleUrl><description><![CDATA[declared <b>s</b>, real bearing 216°, off by 36°]]></description><LineString><tessellate>1</tessellate><coordinates>100.88506,12.93431,0 100.88377,12.93257,0</coordinates></LineString></Placemark>
    <Placemark><name>second_rd_c —n→ second_rd_n</name><styleUrl>#ok</styleUrl><description><![CDATA[declared <b>n</b>, real bearing 34°, off by 34°]]></description><LineString><tessellate>1</tessellate><coordinates>100.88506,12.93431,0 100.8858,12.93539,0</coordinates></LineString></Placemark>
    <Placemark><name>second_rd_c —w→ central_mall</name><styleUrl>#ok</styleUrl><description><![CDATA[declared <b>w</b>, real bearing 273°, off by 3°]]></description><LineString><tessellate>1</tessellate><coordinates>100.88506,12.93431,0 100.88345,12.9344,0</coordinates></LineString></Placemark>
    <Placemark><name>second_rd_diana —n→ second_rd_honey</name><styleUrl>#warn</styleUrl><description><![CDATA[declared <b>n</b>, real bearing 48°, off by 48°]]></description><LineString><tessellate>1</tessellate><coordinates>100.88204,12.93104,0 100.883,12.93189,0</coordinates></LineString></Placemark>
    <Placemark><name>second_rd_diana —s→ second_rd_s</name><styleUrl>#warn</styleUrl><description><![CDATA[declared <b>s</b>, real bearing 228°, off by 48°]]></description><LineString><tessellate>1</tessellate><coordinates>100.88204,12.93104,0 100.88084,12.92999,0</coordinates></LineString></Placemark>
    <Placemark><name>second_rd_diana —e→ diana_w</name><styleUrl>#ok</styleUrl><description><![CDATA[declared <b>e</b>, real bearing 129°, off by 39°]]></description><LineString><tessellate>1</tessellate><coordinates>100.88204,12.93104,0 100.88237,12.93078,0</coordinates></LineString></Placemark>
    <Placemark><name>second_rd_n —s→ second_rd_c</name><styleUrl>#ok</styleUrl><description><![CDATA[declared <b>s</b>, real bearing 214°, off by 34°]]></description><LineString><tessellate>1</tessellate><coordinates>100.8858,12.93539,0 100.88506,12.93431,0</coordinates></LineString></Placemark>
    <Placemark><name>second_rd_n —n→ pattaya_klang</name><styleUrl>#ok</styleUrl><description><![CDATA[declared <b>n</b>, real bearing 29°, off by 29°]]></description><LineString><tessellate>1</tessellate><coordinates>100.8858,12.93539,0 100.88651,12.93665,0</coordinates></LineString></Placemark>
    <Placemark><name>second_rd_n —w→ pattaya_soi_7</name><styleUrl>#ok</styleUrl><description><![CDATA[declared <b>w</b>, real bearing 314°, off by 44°]]></description><LineString><tessellate>1</tessellate><coordinates>100.8858,12.93539,0 100.8846,12.9365,0</coordinates></LineString></Placemark>
    <Placemark><name>second_rd_n —e→ poseidon_soapy</name><styleUrl>#ok</styleUrl><description><![CDATA[declared <b>e</b>, real bearing 113°, off by 23°]]></description><LineString><tessellate>1</tessellate><coordinates>100.8858,12.93539,0 100.88606,12.93528,0</coordinates></LineString></Placemark>
    <Placemark><name>pattaya_klang —w→ beach_rd_soi7</name><styleUrl>#ok</styleUrl><description><![CDATA[declared <b>w</b>, real bearing 278°, off by 8°]]></description><LineString><tessellate>1</tessellate><coordinates>100.88651,12.93665,0 100.88307,12.93715,0</coordinates></LineString></Placemark>
    <Placemark><name>pattaya_klang —n→ second_rd_soi6</name><styleUrl>#ok</styleUrl><description><![CDATA[declared <b>n</b>, real bearing 14°, off by 14°]]></description><LineString><tessellate>1</tessellate><coordinates>100.88651,12.93665,0 100.88788,12.94182,0</coordinates></LineString></Placemark>
    <Placemark><name>pattaya_klang —s→ second_rd_n</name><styleUrl>#ok</styleUrl><description><![CDATA[declared <b>s</b>, real bearing 209°, off by 29°]]></description><LineString><tessellate>1</tessellate><coordinates>100.88651,12.93665,0 100.8858,12.93539,0</coordinates></LineString></Placemark>
    <Placemark><name>pattaya_klang —e→ buakhao_klang</name><styleUrl>#ok</styleUrl><description><![CDATA[declared <b>e</b>, real bearing 110°, off by 20°]]></description><LineString><tessellate>1</tessellate><coordinates>100.88651,12.93665,0 100.88854,12.93594,0</coordinates></LineString></Placemark>
    <Placemark><name>second_rd_soi6 —w→ soi6_deep</name><styleUrl>#ok</styleUrl><description><![CDATA[declared <b>w</b>, real bearing 289°, off by 19°]]></description><LineString><tessellate>1</tessellate><coordinates>100.88788,12.94182,0 100.88741,12.94198,0</coordinates></LineString></Placemark>
    <Placemark><name>second_rd_soi6 —s→ pattaya_klang</name><styleUrl>#ok</styleUrl><description><![CDATA[declared <b>s</b>, real bearing 194°, off by 14°]]></description><LineString><tessellate>1</tessellate><coordinates>100.88788,12.94182,0 100.88651,12.93665,0</coordinates></LineString></Placemark>
    <Placemark><name>pattaya_soi_7 —w→ beach_rd_soi7</name><styleUrl>#ok</styleUrl><description><![CDATA[declared <b>w</b>, real bearing 294°, off by 24°]]></description><LineString><tessellate>1</tessellate><coordinates>100.8846,12.9365,0 100.88307,12.93715,0</coordinates></LineString></Placemark>
    <Placemark><name>pattaya_soi_7 —e→ second_rd_n</name><styleUrl>#ok</styleUrl><description><![CDATA[declared <b>e</b>, real bearing 134°, off by 44°]]></description><LineString><tessellate>1</tessellate><coordinates>100.8846,12.9365,0 100.8858,12.93539,0</coordinates></LineString></Placemark>
    <Placemark><name>second_rd_honey —s→ second_rd_diana</name><styleUrl>#warn</styleUrl><description><![CDATA[declared <b>s</b>, real bearing 228°, off by 48°]]></description><LineString><tessellate>1</tessellate><coordinates>100.883,12.93189,0 100.88204,12.93104,0</coordinates></LineString></Placemark>
    <Placemark><name>second_rd_honey —n→ second_rd_myth</name><styleUrl>#warn</styleUrl><description><![CDATA[declared <b>n</b>, real bearing 48°, off by 48°]]></description><LineString><tessellate>1</tessellate><coordinates>100.883,12.93189,0 100.88377,12.93257,0</coordinates></LineString></Placemark>
    <Placemark><name>second_rd_honey —e→ soi_honey_w</name><styleUrl>#ok</styleUrl><description><![CDATA[declared <b>e</b>, real bearing 128°, off by 38°]]></description><LineString><tessellate>1</tessellate><coordinates>100.883,12.93189,0 100.88331,12.93165,0</coordinates></LineString></Placemark>
    <Placemark><name>second_rd_myth —s→ second_rd_honey</name><styleUrl>#warn</styleUrl><description><![CDATA[declared <b>s</b>, real bearing 228°, off by 48°]]></description><LineString><tessellate>1</tessellate><coordinates>100.88377,12.93257,0 100.883,12.93189,0</coordinates></LineString></Placemark>
    <Placemark><name>second_rd_myth —n→ second_rd_c</name><styleUrl>#ok</styleUrl><description><![CDATA[declared <b>n</b>, real bearing 36°, off by 36°]]></description><LineString><tessellate>1</tessellate><coordinates>100.88377,12.93257,0 100.88506,12.93431,0</coordinates></LineString></Placemark>
    <Placemark><name>second_rd_myth —e→ myth_night</name><styleUrl>#ok</styleUrl><description><![CDATA[declared <b>e</b>, real bearing 80°, off by 10°]]></description><LineString><tessellate>1</tessellate><coordinates>100.88377,12.93257,0 100.88479,12.93274,0</coordinates></LineString></Placemark>
    <Placemark><name>myth_night —w→ second_rd_myth</name><styleUrl>#ok</styleUrl><description><![CDATA[declared <b>w</b>, real bearing 260°, off by 10°]]></description><LineString><tessellate>1</tessellate><coordinates>100.88479,12.93274,0 100.88377,12.93257,0</coordinates></LineString></Placemark>
    <Placemark><name>myth_night —e→ buakhao_myth</name><styleUrl>#ok</styleUrl><description><![CDATA[declared <b>e</b>, real bearing 109°, off by 19°]]></description><LineString><tessellate>1</tessellate><coordinates>100.88479,12.93274,0 100.88678,12.93208,0</coordinates></LineString></Placemark>
    <Placemark><name>myth_night —n→ myth_stage</name><styleUrl>#ok</styleUrl><description><![CDATA[declared <b>n</b>, real bearing 8°, off by 8°]]></description><LineString><tessellate>1</tessellate><coordinates>100.88479,12.93274,0 100.88483,12.93301,0</coordinates></LineString></Placemark>
    <Placemark><name>myth_night —s→ myth_rows</name><styleUrl>#ok</styleUrl><description><![CDATA[declared <b>s</b>, real bearing 188°, off by 8°]]></description><LineString><tessellate>1</tessellate><coordinates>100.88479,12.93274,0 100.88475,12.93247,0</coordinates></LineString></Placemark>
    <Placemark><name>myth_stage —s→ myth_night</name><styleUrl>#ok</styleUrl><description><![CDATA[declared <b>s</b>, real bearing 188°, off by 8°]]></description><LineString><tessellate>1</tessellate><coordinates>100.88483,12.93301,0 100.88479,12.93274,0</coordinates></LineString></Placemark>
    <Placemark><name>myth_stage —e→ feedback_bar</name><styleUrl>#ok</styleUrl><description><![CDATA[declared <b>e</b>, real bearing 73°, off by 17°]]></description><LineString><tessellate>1</tessellate><coordinates>100.88483,12.93301,0 100.88503,12.93307,0</coordinates></LineString></Placemark>
    <Placemark><name>myth_stage —w→ encore_bar</name><styleUrl>#ok</styleUrl><description><![CDATA[declared <b>w</b>, real bearing 230°, off by 40°]]></description><LineString><tessellate>1</tessellate><coordinates>100.88483,12.93301,0 100.88472,12.93292,0</coordinates></LineString></Placemark>
    <Placemark><name>myth_stage —n→ soundcheck_bar</name><styleUrl>#ok</styleUrl><description><![CDATA[declared <b>n</b>, real bearing 19°, off by 19°]]></description><LineString><tessellate>1</tessellate><coordinates>100.88483,12.93301,0 100.8849,12.93321,0</coordinates></LineString></Placemark>
    <Placemark><name>myth_rows —n→ myth_night</name><styleUrl>#ok</styleUrl><description><![CDATA[declared <b>n</b>, real bearing 8°, off by 8°]]></description><LineString><tessellate>1</tessellate><coordinates>100.88475,12.93247,0 100.88479,12.93274,0</coordinates></LineString></Placemark>
    <Placemark><name>myth_rows —e→ the_growler</name><styleUrl>#ok</styleUrl><description><![CDATA[declared <b>e</b>, real bearing 82°, off by 8°]]></description><LineString><tessellate>1</tessellate><coordinates>100.88475,12.93247,0 100.8849,12.93249,0</coordinates></LineString></Placemark>
    <Placemark><name>myth_rows —w→ container_8</name><styleUrl>#warn</styleUrl><description><![CDATA[declared <b>w</b>, real bearing 222°, off by 48°]]></description><LineString><tessellate>1</tessellate><coordinates>100.88475,12.93247,0 100.88463,12.93234,0</coordinates></LineString></Placemark>
    <Placemark><name>myth_rows —s→ reload_bar</name><styleUrl>#ok</styleUrl><description><![CDATA[declared <b>s</b>, real bearing 159°, off by 21°]]></description><LineString><tessellate>1</tessellate><coordinates>100.88475,12.93247,0 100.88483,12.93227,0</coordinates></LineString></Placemark>
    <Placemark><name>ws_gate —s→ ws_north</name><styleUrl>#warn</styleUrl><description><![CDATA[declared <b>s</b>, real bearing 237°, off by 57°]]></description><LineString><tessellate>1</tessellate><coordinates>100.87469,12.92745,0 100.87269,12.92616,0</coordinates></LineString></Placemark>
    <Placemark><name>ws_gate —n→ beach_rd_s</name><styleUrl>#warn</styleUrl><description><![CDATA[declared <b>n</b>, real bearing 49°, off by 49°]]></description><LineString><tessellate>1</tessellate><coordinates>100.87469,12.92745,0 100.87751,12.92983,0</coordinates></LineString></Placemark>
    <Placemark><name>ws_gate —e→ pattaya_tai</name><styleUrl>#warn</styleUrl><description><![CDATA[declared <b>e</b>, real bearing 146°, off by 56°]]></description><LineString><tessellate>1</tessellate><coordinates>100.87469,12.92745,0 100.87546,12.92633,0</coordinates></LineString></Placemark>
    <Placemark><name>ws_north —n→ ws_gate</name><styleUrl>#warn</styleUrl><description><![CDATA[declared <b>n</b>, real bearing 57°, off by 57°]]></description><LineString><tessellate>1</tessellate><coordinates>100.87269,12.92616,0 100.87469,12.92745,0</coordinates></LineString></Placemark>
    <Placemark><name>ws_north —s→ ws_south</name><styleUrl>#bad</styleUrl><description><![CDATA[declared <b>s</b>, real bearing 246°, off by 66°]]></description><LineString><tessellate>1</tessellate><coordinates>100.87269,12.92616,0 100.87018,12.92508,0</coordinates></LineString></Placemark>
    <Placemark><name>ws_north —w→ neon_paradise</name><styleUrl>#ok</styleUrl><description><![CDATA[declared <b>w</b>, real bearing 270°, off by 0°]]></description><LineString><tessellate>1</tessellate><coordinates>100.87269,12.92616,0 100.87243,12.92616,0</coordinates></LineString></Placemark>
    <Placemark><name>ws_north —e→ club_mirage</name><styleUrl>#ok</styleUrl><description><![CDATA[declared <b>e</b>, real bearing 90°, off by 0°]]></description><LineString><tessellate>1</tessellate><coordinates>100.87269,12.92616,0 100.87294,12.92616,0</coordinates></LineString></Placemark>
    <Placemark><name>ws_alley —e→ ws_north</name><styleUrl>#bad</styleUrl><description><![CDATA[declared <b>e</b>, real bearing 155°, off by 65°]]></description><LineString><tessellate>1</tessellate><coordinates>100.87255,12.92645,0 100.87269,12.92616,0</coordinates></LineString></Placemark>
    <Placemark><name>ws_south —n→ ws_north</name><styleUrl>#bad</styleUrl><description><![CDATA[declared <b>n</b>, real bearing 66°, off by 66°]]></description><LineString><tessellate>1</tessellate><coordinates>100.87018,12.92508,0 100.87269,12.92616,0</coordinates></LineString></Placemark>
    <Placemark><name>ws_south —w→ crystal_palace</name><styleUrl>#ok</styleUrl><description><![CDATA[declared <b>w</b>, real bearing 270°, off by 0°]]></description><LineString><tessellate>1</tessellate><coordinates>100.87018,12.92508,0 100.86992,12.92508,0</coordinates></LineString></Placemark>
    <Placemark><name>ws_south —e→ paradise_nights</name><styleUrl>#ok</styleUrl><description><![CDATA[declared <b>e</b>, real bearing 90°, off by 0°]]></description><LineString><tessellate>1</tessellate><coordinates>100.87018,12.92508,0 100.87044,12.92508,0</coordinates></LineString></Placemark>
    <Placemark><name>ws_south —s→ midnight_sun</name><styleUrl>#ok</styleUrl><description><![CDATA[declared <b>s</b>, real bearing 216°, off by 36°]]></description><LineString><tessellate>1</tessellate><coordinates>100.87018,12.92508,0 100.86987,12.92467,0</coordinates></LineString></Placemark>
    <Placemark><name>bali_hai —n→ ws_south</name><styleUrl>#bad</styleUrl><description><![CDATA[declared <b>n</b>, real bearing 73°, off by 73°]]></description><LineString><tessellate>1</tessellate><coordinates>100.86855,12.9246,0 100.87018,12.92508,0</coordinates></LineString></Placemark>
    <Placemark><name>soi_diamond —w→ ws_north</name><styleUrl>#ok</styleUrl><description><![CDATA[declared <b>w</b>, real bearing 275°, off by 5°]]></description><LineString><tessellate>1</tessellate><coordinates>100.87379,12.92606,0 100.87269,12.92616,0</coordinates></LineString></Placemark>
    <Placemark><name>pattaya_tai —w→ ws_gate</name><styleUrl>#warn</styleUrl><description><![CDATA[declared <b>w</b>, real bearing 326°, off by 56°]]></description><LineString><tessellate>1</tessellate><coordinates>100.87546,12.92633,0 100.87469,12.92745,0</coordinates></LineString></Placemark>
    <Placemark><name>pattaya_tai —e→ second_rd_s</name><styleUrl>#ok</styleUrl><description><![CDATA[declared <b>e</b>, real bearing 55°, off by 35°]]></description><LineString><tessellate>1</tessellate><coordinates>100.87546,12.92633,0 100.88084,12.92999,0</coordinates></LineString></Placemark>
    <Placemark><name>pattaya_tai —s→ pratumnak_rd</name><styleUrl>#ok</styleUrl><description><![CDATA[declared <b>s</b>, real bearing 223°, off by 43°]]></description><LineString><tessellate>1</tessellate><coordinates>100.87546,12.92633,0 100.87007,12.92068,0</coordinates></LineString></Placemark>
    <Placemark><name>buakhao_klang —w→ pattaya_klang</name><styleUrl>#ok</styleUrl><description><![CDATA[declared <b>w</b>, real bearing 290°, off by 20°]]></description><LineString><tessellate>1</tessellate><coordinates>100.88854,12.93594,0 100.88651,12.93665,0</coordinates></LineString></Placemark>
    <Placemark><name>buakhao_klang —s→ buakhao_myth</name><styleUrl>#ok</styleUrl><description><![CDATA[declared <b>s</b>, real bearing 204°, off by 24°]]></description><LineString><tessellate>1</tessellate><coordinates>100.88854,12.93594,0 100.88678,12.93208,0</coordinates></LineString></Placemark>
    <Placemark><name>buakhao_myth —n→ buakhao_klang</name><styleUrl>#ok</styleUrl><description><![CDATA[declared <b>n</b>, real bearing 24°, off by 24°]]></description><LineString><tessellate>1</tessellate><coordinates>100.88678,12.93208,0 100.88854,12.93594,0</coordinates></LineString></Placemark>
    <Placemark><name>buakhao_myth —s→ buakhao_tt</name><styleUrl>#ok</styleUrl><description><![CDATA[declared <b>s</b>, real bearing 207°, off by 27°]]></description><LineString><tessellate>1</tessellate><coordinates>100.88678,12.93208,0 100.88646,12.93146,0</coordinates></LineString></Placemark>
    <Placemark><name>buakhao_myth —w→ myth_night</name><styleUrl>#ok</styleUrl><description><![CDATA[declared <b>w</b>, real bearing 289°, off by 19°]]></description><LineString><tessellate>1</tessellate><coordinates>100.88678,12.93208,0 100.88479,12.93274,0</coordinates></LineString></Placemark>
    <Placemark><name>buakhao_tt —n→ buakhao_myth</name><styleUrl>#ok</styleUrl><description><![CDATA[declared <b>n</b>, real bearing 27°, off by 27°]]></description><LineString><tessellate>1</tessellate><coordinates>100.88646,12.93146,0 100.88678,12.93208,0</coordinates></LineString></Placemark>
    <Placemark><name>buakhao_tt —s→ buakhao_honey</name><styleUrl>#ok</styleUrl><description><![CDATA[declared <b>s</b>, real bearing 211°, off by 31°]]></description><LineString><tessellate>1</tessellate><coordinates>100.88646,12.93146,0 100.88554,12.92994,0</coordinates></LineString></Placemark>
    <Placemark><name>buakhao_tt —w→ tt_entrance</name><styleUrl>#ok</styleUrl><description><![CDATA[declared <b>w</b>, real bearing 278°, off by 8°]]></description><LineString><tessellate>1</tessellate><coordinates>100.88646,12.93146,0 100.88618,12.9315,0</coordinates></LineString></Placemark>
    <Placemark><name>buakhao_honey —n→ buakhao_tt</name><styleUrl>#ok</styleUrl><description><![CDATA[declared <b>n</b>, real bearing 31°, off by 31°]]></description><LineString><tessellate>1</tessellate><coordinates>100.88554,12.92994,0 100.88646,12.93146,0</coordinates></LineString></Placemark>
    <Placemark><name>buakhao_honey —s→ buakhao_lk</name><styleUrl>#ok</styleUrl><description><![CDATA[declared <b>s</b>, real bearing 213°, off by 33°]]></description><LineString><tessellate>1</tessellate><coordinates>100.88554,12.92994,0 100.88533,12.92962,0</coordinates></LineString></Placemark>
    <Placemark><name>buakhao_honey —w→ soi_honey_e</name><styleUrl>#ok</styleUrl><description><![CDATA[declared <b>w</b>, real bearing 308°, off by 38°]]></description><LineString><tessellate>1</tessellate><coordinates>100.88554,12.92994,0 100.88516,12.93023,0</coordinates></LineString></Placemark>
    <Placemark><name>buakhao_lk —n→ buakhao_honey</name><styleUrl>#ok</styleUrl><description><![CDATA[declared <b>n</b>, real bearing 33°, off by 33°]]></description><LineString><tessellate>1</tessellate><coordinates>100.88533,12.92962,0 100.88554,12.92994,0</coordinates></LineString></Placemark>
    <Placemark><name>buakhao_lk —s→ buakhao_n</name><styleUrl>#ok</styleUrl><description><![CDATA[declared <b>s</b>, real bearing 213°, off by 33°]]></description><LineString><tessellate>1</tessellate><coordinates>100.88533,12.92962,0 100.8848,12.92881,0</coordinates></LineString></Placemark>
    <Placemark><name>buakhao_lk —w→ lk_main</name><styleUrl>#ok</styleUrl><description><![CDATA[declared <b>w</b>, real bearing 261°, off by 9°]]></description><LineString><tessellate>1</tessellate><coordinates>100.88533,12.92962,0 100.885,12.92957,0</coordinates></LineString></Placemark>
    <Placemark><name>buakhao_n —n→ buakhao_lk</name><styleUrl>#ok</styleUrl><description><![CDATA[declared <b>n</b>, real bearing 33°, off by 33°]]></description><LineString><tessellate>1</tessellate><coordinates>100.8848,12.92881,0 100.88533,12.92962,0</coordinates></LineString></Placemark>
    <Placemark><name>buakhao_n —s→ buakhao_market</name><styleUrl>#ok</styleUrl><description><![CDATA[declared <b>s</b>, real bearing 223°, off by 43°]]></description><LineString><tessellate>1</tessellate><coordinates>100.8848,12.92881,0 100.883,12.92691,0</coordinates></LineString></Placemark>
    <Placemark><name>buakhao_n —e→ lucky_tiger</name><styleUrl>#ok</styleUrl><description><![CDATA[declared <b>e</b>, real bearing 52°, off by 38°]]></description><LineString><tessellate>1</tessellate><coordinates>100.8848,12.92881,0 100.88506,12.92901,0</coordinates></LineString></Placemark>
    <Placemark><name>buakhao_market —n→ buakhao_n</name><styleUrl>#ok</styleUrl><description><![CDATA[declared <b>n</b>, real bearing 43°, off by 43°]]></description><LineString><tessellate>1</tessellate><coordinates>100.883,12.92691,0 100.8848,12.92881,0</coordinates></LineString></Placemark>
    <Placemark><name>buakhao_market —s→ buakhao_s</name><styleUrl>#warn</styleUrl><description><![CDATA[declared <b>s</b>, real bearing 235°, off by 55°]]></description><LineString><tessellate>1</tessellate><coordinates>100.883,12.92691,0 100.88002,12.9249,0</coordinates></LineString></Placemark>
    <Placemark><name>buakhao_market —e→ silk_rose</name><styleUrl>#ok</styleUrl><description><![CDATA[declared <b>e</b>, real bearing 86°, off by 4°]]></description><LineString><tessellate>1</tessellate><coordinates>100.883,12.92691,0 100.88327,12.92693,0</coordinates></LineString></Placemark>
    <Placemark><name>buakhao_s —n→ buakhao_market</name><styleUrl>#warn</styleUrl><description><![CDATA[declared <b>n</b>, real bearing 55°, off by 55°]]></description><LineString><tessellate>1</tessellate><coordinates>100.88002,12.9249,0 100.883,12.92691,0</coordinates></LineString></Placemark>
    <Placemark><name>buakhao_s —w→ second_rd_s</name><styleUrl>#bad</styleUrl><description><![CDATA[declared <b>w</b>, real bearing 9°, off by 99°]]></description><LineString><tessellate>1</tessellate><coordinates>100.88002,12.9249,0 100.88084,12.92999,0</coordinates></LineString></Placemark>
    <Placemark><name>buakhao_s —s→ jasmine_garden</name><styleUrl>#warn</styleUrl><description><![CDATA[declared <b>s</b>, real bearing 228°, off by 48°]]></description><LineString><tessellate>1</tessellate><coordinates>100.88002,12.9249,0 100.87915,12.92414,0</coordinates></LineString></Placemark>
    <Placemark><name>tt_entrance —e→ buakhao_tt</name><styleUrl>#ok</styleUrl><description><![CDATA[declared <b>e</b>, real bearing 98°, off by 8°]]></description><LineString><tessellate>1</tessellate><coordinates>100.88618,12.9315,0 100.88646,12.93146,0</coordinates></LineString></Placemark>
    <Placemark><name>tt_entrance —w→ tt_lane_1</name><styleUrl>#ok</styleUrl><description><![CDATA[declared <b>w</b>, real bearing 266°, off by 4°]]></description><LineString><tessellate>1</tessellate><coordinates>100.88618,12.9315,0 100.88588,12.93148,0</coordinates></LineString></Placemark>
    <Placemark><name>tt_lane_1 —e→ tt_entrance</name><styleUrl>#ok</styleUrl><description><![CDATA[declared <b>e</b>, real bearing 86°, off by 4°]]></description><LineString><tessellate>1</tessellate><coordinates>100.88588,12.93148,0 100.88618,12.9315,0</coordinates></LineString></Placemark>
    <Placemark><name>tt_lane_1 —n→ gold_rush</name><styleUrl>#ok</styleUrl><description><![CDATA[declared <b>n</b>, real bearing 6°, off by 6°]]></description><LineString><tessellate>1</tessellate><coordinates>100.88588,12.93148,0 100.8859,12.93168,0</coordinates></LineString></Placemark>
    <Placemark><name>tt_lane_1 —w→ tt_lane_2</name><styleUrl>#ok</styleUrl><description><![CDATA[declared <b>w</b>, real bearing 266°, off by 4°]]></description><LineString><tessellate>1</tessellate><coordinates>100.88588,12.93148,0 100.88558,12.93146,0</coordinates></LineString></Placemark>
    <Placemark><name>tt_lane_1 —s→ tt_back</name><styleUrl>#bad</styleUrl><description><![CDATA[declared <b>s</b>, real bearing 249°, off by 69°]]></description><LineString><tessellate>1</tessellate><coordinates>100.88588,12.93148,0 100.88535,12.93128,0</coordinates></LineString></Placemark>
    <Placemark><name>tt_lane_2 —e→ tt_lane_1</name><styleUrl>#ok</styleUrl><description><![CDATA[declared <b>e</b>, real bearing 86°, off by 4°]]></description><LineString><tessellate>1</tessellate><coordinates>100.88558,12.93146,0 100.88588,12.93148,0</coordinates></LineString></Placemark>
    <Placemark><name>tt_lane_2 —n→ starlight_bar</name><styleUrl>#ok</styleUrl><description><![CDATA[declared <b>n</b>, real bearing 6°, off by 6°]]></description><LineString><tessellate>1</tessellate><coordinates>100.88558,12.93146,0 100.8856,12.93166,0</coordinates></LineString></Placemark>
    <Placemark><name>tt_lane_2 —w→ tt_deep</name><styleUrl>#ok</styleUrl><description><![CDATA[declared <b>w</b>, real bearing 240°, off by 30°]]></description><LineString><tessellate>1</tessellate><coordinates>100.88558,12.93146,0 100.88508,12.93118,0</coordinates></LineString></Placemark>
    <Placemark><name>tt_lane_2 —s→ tt_back</name><styleUrl>#warn</styleUrl><description><![CDATA[declared <b>s</b>, real bearing 231°, off by 51°]]></description><LineString><tessellate>1</tessellate><coordinates>100.88558,12.93146,0 100.88535,12.93128,0</coordinates></LineString></Placemark>
    <Placemark><name>tt_back —n→ tt_lane_1</name><styleUrl>#bad</styleUrl><description><![CDATA[declared <b>n</b>, real bearing 69°, off by 69°]]></description><LineString><tessellate>1</tessellate><coordinates>100.88535,12.93128,0 100.88588,12.93148,0</coordinates></LineString></Placemark>
    <Placemark><name>tt_back —e→ tt_lane_2</name><styleUrl>#ok</styleUrl><description><![CDATA[declared <b>e</b>, real bearing 51°, off by 39°]]></description><LineString><tessellate>1</tessellate><coordinates>100.88535,12.93128,0 100.88558,12.93146,0</coordinates></LineString></Placemark>
    <Placemark><name>tt_back —w→ tt_deep</name><styleUrl>#ok</styleUrl><description><![CDATA[declared <b>w</b>, real bearing 249°, off by 21°]]></description><LineString><tessellate>1</tessellate><coordinates>100.88535,12.93128,0 100.88508,12.93118,0</coordinates></LineString></Placemark>
    <Placemark><name>tt_back —s→ tt_lane_3</name><styleUrl>#ok</styleUrl><description><![CDATA[declared <b>s</b>, real bearing 177°, off by 3°]]></description><LineString><tessellate>1</tessellate><coordinates>100.88535,12.93128,0 100.88536,12.93106,0</coordinates></LineString></Placemark>
    <Placemark><name>tt_lane_3 —n→ tt_back</name><styleUrl>#ok</styleUrl><description><![CDATA[declared <b>n</b>, real bearing 357°, off by 3°]]></description><LineString><tessellate>1</tessellate><coordinates>100.88536,12.93106,0 100.88535,12.93128,0</coordinates></LineString></Placemark>
    <Placemark><name>tt_lane_3 —w→ lucky_charm</name><styleUrl>#ok</styleUrl><description><![CDATA[declared <b>w</b>, real bearing 264°, off by 6°]]></description><LineString><tessellate>1</tessellate><coordinates>100.88536,12.93106,0 100.88516,12.93104,0</coordinates></LineString></Placemark>
    <Placemark><name>tt_lane_3 —e→ moonshine_bar</name><styleUrl>#ok</styleUrl><description><![CDATA[declared <b>e</b>, real bearing 110°, off by 20°]]></description><LineString><tessellate>1</tessellate><coordinates>100.88536,12.93106,0 100.88558,12.93098,0</coordinates></LineString></Placemark>
    <Placemark><name>tt_deep —e→ tt_lane_2</name><styleUrl>#ok</styleUrl><description><![CDATA[declared <b>e</b>, real bearing 60°, off by 30°]]></description><LineString><tessellate>1</tessellate><coordinates>100.88508,12.93118,0 100.88558,12.93146,0</coordinates></LineString></Placemark>
    <Placemark><name>tt_deep —n→ tt_back</name><styleUrl>#bad</styleUrl><description><![CDATA[declared <b>n</b>, real bearing 69°, off by 69°]]></description><LineString><tessellate>1</tessellate><coordinates>100.88508,12.93118,0 100.88535,12.93128,0</coordinates></LineString></Placemark>
    <Placemark><name>tt_deep —w→ rainbow_girls</name><styleUrl>#ok</styleUrl><description><![CDATA[declared <b>w</b>, real bearing 261°, off by 9°]]></description><LineString><tessellate>1</tessellate><coordinates>100.88508,12.93118,0 100.88482,12.93114,0</coordinates></LineString></Placemark>
    <Placemark><name>soi6_street —w→ beach_rd_n</name><styleUrl>#ok</styleUrl><description><![CDATA[declared <b>w</b>, real bearing 289°, off by 19°]]></description><LineString><tessellate>1</tessellate><coordinates>100.88544,12.94265,0 100.88475,12.94288,0</coordinates></LineString></Placemark>
    <Placemark><name>soi6_street —e→ soi6_mid</name><styleUrl>#ok</styleUrl><description><![CDATA[declared <b>e</b>, real bearing 109°, off by 19°]]></description><LineString><tessellate>1</tessellate><coordinates>100.88544,12.94265,0 100.88647,12.9423,0</coordinates></LineString></Placemark>
    <Placemark><name>soi6_mid —w→ soi6_street</name><styleUrl>#ok</styleUrl><description><![CDATA[declared <b>w</b>, real bearing 289°, off by 19°]]></description><LineString><tessellate>1</tessellate><coordinates>100.88647,12.9423,0 100.88544,12.94265,0</coordinates></LineString></Placemark>
    <Placemark><name>soi6_mid —e→ soi6_deep</name><styleUrl>#ok</styleUrl><description><![CDATA[declared <b>e</b>, real bearing 109°, off by 19°]]></description><LineString><tessellate>1</tessellate><coordinates>100.88647,12.9423,0 100.88741,12.94198,0</coordinates></LineString></Placemark>
    <Placemark><name>soi6_deep —w→ soi6_mid</name><styleUrl>#ok</styleUrl><description><![CDATA[declared <b>w</b>, real bearing 289°, off by 19°]]></description><LineString><tessellate>1</tessellate><coordinates>100.88741,12.94198,0 100.88647,12.9423,0</coordinates></LineString></Placemark>
    <Placemark><name>soi6_deep —e→ second_rd_soi6</name><styleUrl>#ok</styleUrl><description><![CDATA[declared <b>e</b>, real bearing 109°, off by 19°]]></description><LineString><tessellate>1</tessellate><coordinates>100.88741,12.94198,0 100.88788,12.94182,0</coordinates></LineString></Placemark>
    <Placemark><name>lk_entrance —n→ lk_bend</name><styleUrl>#ok</styleUrl><description><![CDATA[declared <b>n</b>, real bearing 17°, off by 17°]]></description><LineString><tessellate>1</tessellate><coordinates>100.88432,12.92918,0 100.88445,12.9296,0</coordinates></LineString></Placemark>
    <Placemark><name>lk_main —w→ lk_bend</name><styleUrl>#ok</styleUrl><description><![CDATA[declared <b>w</b>, real bearing 273°, off by 3°]]></description><LineString><tessellate>1</tessellate><coordinates>100.885,12.92957,0 100.88445,12.9296,0</coordinates></LineString></Placemark>
    <Placemark><name>lk_main —e→ buakhao_lk</name><styleUrl>#ok</styleUrl><description><![CDATA[declared <b>e</b>, real bearing 81°, off by 9°]]></description><LineString><tessellate>1</tessellate><coordinates>100.885,12.92957,0 100.88533,12.92962,0</coordinates></LineString></Placemark>
    <Placemark><name>lk_main —n→ kinky</name><styleUrl>#ok</styleUrl><description><![CDATA[declared <b>n</b>, real bearing 350°, off by 10°]]></description><LineString><tessellate>1</tessellate><coordinates>100.885,12.92957,0 100.88498,12.92968,0</coordinates></LineString></Placemark>
    <Placemark><name>lk_main —s→ slutty</name><styleUrl>#ok</styleUrl><description><![CDATA[declared <b>s</b>, real bearing 165°, off by 15°]]></description><LineString><tessellate>1</tessellate><coordinates>100.885,12.92957,0 100.88503,12.92946,0</coordinates></LineString></Placemark>
    <Placemark><name>lk_bend —s→ lk_entrance</name><styleUrl>#ok</styleUrl><description><![CDATA[declared <b>s</b>, real bearing 197°, off by 17°]]></description><LineString><tessellate>1</tessellate><coordinates>100.88445,12.9296,0 100.88432,12.92918,0</coordinates></LineString></Placemark>
    <Placemark><name>lk_bend —e→ lk_main</name><styleUrl>#ok</styleUrl><description><![CDATA[declared <b>e</b>, real bearing 93°, off by 3°]]></description><LineString><tessellate>1</tessellate><coordinates>100.88445,12.9296,0 100.885,12.92957,0</coordinates></LineString></Placemark>
    <Placemark><name>lk_bend —n→ metro_garden</name><styleUrl>#ok</styleUrl><description><![CDATA[declared <b>n</b>, real bearing 16°, off by 16°]]></description><LineString><tessellate>1</tessellate><coordinates>100.88445,12.9296,0 100.88448,12.9297,0</coordinates></LineString></Placemark>
    <Placemark><name>sukhumvit_crossing —e→ khao_talo_strip</name><styleUrl>#ok</styleUrl><description><![CDATA[declared <b>e</b>, real bearing 102°, off by 12°]]></description><LineString><tessellate>1</tessellate><coordinates>100.8962,12.91004,0 100.90693,12.90782,0</coordinates></LineString></Placemark>
    <Placemark><name>khao_talo —w→ khao_talo_strip</name><styleUrl>#ok</styleUrl><description><![CDATA[declared <b>w</b>, real bearing 271°, off by 1°]]></description><LineString><tessellate>1</tessellate><coordinates>100.90975,12.90779,0 100.90693,12.90782,0</coordinates></LineString></Placemark>
    <Placemark><name>khao_talo —n→ lake_mabprachan</name><styleUrl>#bad</styleUrl><description><![CDATA[declared <b>n</b>, real bearing 66°, off by 66°]]></description><LineString><tessellate>1</tessellate><coordinates>100.90975,12.90779,0 100.96684,12.93306,0</coordinates></LineString></Placemark>
    <Placemark><name>khao_talo —e→ khao_talo_bar</name><styleUrl>#ok</styleUrl><description><![CDATA[declared <b>e</b>, real bearing 47°, off by 43°]]></description><LineString><tessellate>1</tessellate><coordinates>100.90975,12.90779,0 100.90995,12.90797,0</coordinates></LineString></Placemark>
    <Placemark><name>khao_talo —s→ mama_yai</name><styleUrl>#ok</styleUrl><description><![CDATA[declared <b>s</b>, real bearing 220°, off by 40°]]></description><LineString><tessellate>1</tessellate><coordinates>100.90975,12.90779,0 100.90958,12.90759,0</coordinates></LineString></Placemark>
    <Placemark><name>khao_talo_strip —w→ sukhumvit_crossing</name><styleUrl>#ok</styleUrl><description><![CDATA[declared <b>w</b>, real bearing 282°, off by 12°]]></description><LineString><tessellate>1</tessellate><coordinates>100.90693,12.90782,0 100.8962,12.91004,0</coordinates></LineString></Placemark>
    <Placemark><name>khao_talo_strip —e→ khao_talo</name><styleUrl>#ok</styleUrl><description><![CDATA[declared <b>e</b>, real bearing 91°, off by 1°]]></description><LineString><tessellate>1</tessellate><coordinates>100.90693,12.90782,0 100.90975,12.90779,0</coordinates></LineString></Placemark>
    <Placemark><name>khao_talo_strip —n→ water_buffalo</name><styleUrl>#ok</styleUrl><description><![CDATA[declared <b>n</b>, real bearing 11°, off by 11°]]></description><LineString><tessellate>1</tessellate><coordinates>100.90693,12.90782,0 100.90699,12.90813,0</coordinates></LineString></Placemark>
    <Placemark><name>khao_talo_strip —s→ firefly_bar</name><styleUrl>#ok</styleUrl><description><![CDATA[declared <b>s</b>, real bearing 145°, off by 35°]]></description><LineString><tessellate>1</tessellate><coordinates>100.90693,12.90782,0 100.90706,12.90764,0</coordinates></LineString></Placemark>
    <Placemark><name>lake_mabprachan —s→ khao_talo</name><styleUrl>#bad</styleUrl><description><![CDATA[declared <b>s</b>, real bearing 246°, off by 66°]]></description><LineString><tessellate>1</tessellate><coordinates>100.96684,12.93306,0 100.90975,12.90779,0</coordinates></LineString></Placemark>
    <Placemark><name>naklua_rd —s→ beach_rd_n</name><styleUrl>#ok</styleUrl><description><![CDATA[declared <b>s</b>, real bearing 203°, off by 23°]]></description><LineString><tessellate>1</tessellate><coordinates>100.88926,12.95343,0 100.88475,12.94288,0</coordinates></LineString></Placemark>
    <Placemark><name>naklua_rd —n→ hotel_soi</name><styleUrl>#ok</styleUrl><description><![CDATA[declared <b>n</b>, real bearing 35°, off by 35°]]></description><LineString><tessellate>1</tessellate><coordinates>100.88926,12.95343,0 100.89365,12.95958,0</coordinates></LineString></Placemark>
    <Placemark><name>naklua_rd —w→ orchid_club</name><styleUrl>#ok</styleUrl><description><![CDATA[declared <b>w</b>, real bearing 249°, off by 21°]]></description><LineString><tessellate>1</tessellate><coordinates>100.88926,12.95343,0 100.88884,12.95327,0</coordinates></LineString></Placemark>
    <Placemark><name>naklua_rd —e→ naklua_bars</name><styleUrl>#ok</styleUrl><description><![CDATA[declared <b>e</b>, real bearing 107°, off by 17°]]></description><LineString><tessellate>1</tessellate><coordinates>100.88926,12.95343,0 100.88967,12.95331,0</coordinates></LineString></Placemark>
    <Placemark><name>naklua_bars —w→ naklua_rd</name><styleUrl>#ok</styleUrl><description><![CDATA[declared <b>w</b>, real bearing 287°, off by 17°]]></description><LineString><tessellate>1</tessellate><coordinates>100.88967,12.95331,0 100.88926,12.95343,0</coordinates></LineString></Placemark>
    <Placemark><name>naklua_bars —n→ dolphin_bar</name><styleUrl>#ok</styleUrl><description><![CDATA[declared <b>n</b>, real bearing 12°, off by 12°]]></description><LineString><tessellate>1</tessellate><coordinates>100.88967,12.95331,0 100.88971,12.95349,0</coordinates></LineString></Placemark>
    <Placemark><name>naklua_bars —s→ mooring_bar</name><styleUrl>#ok</styleUrl><description><![CDATA[declared <b>s</b>, real bearing 147°, off by 33°]]></description><LineString><tessellate>1</tessellate><coordinates>100.88967,12.95331,0 100.88985,12.95304,0</coordinates></LineString></Placemark>
    <Placemark><name>naklua_massage —s→ naklua_rd</name><styleUrl>#ok</styleUrl><description><![CDATA[declared <b>s</b>, real bearing 155°, off by 25°]]></description><LineString><tessellate>1</tessellate><coordinates>100.88908,12.9538,0 100.88926,12.95343,0</coordinates></LineString></Placemark>
    <Placemark><name>naklua_massage —n→ lotus_oil</name><styleUrl>#ok</styleUrl><description><![CDATA[declared <b>n</b>, real bearing 352°, off by 8°]]></description><LineString><tessellate>1</tessellate><coordinates>100.88908,12.9538,0 100.88904,12.95407,0</coordinates></LineString></Placemark>
    <Placemark><name>hotel_soi —s→ naklua_rd</name><styleUrl>#ok</styleUrl><description><![CDATA[declared <b>s</b>, real bearing 215°, off by 35°]]></description><LineString><tessellate>1</tessellate><coordinates>100.89365,12.95958,0 100.88926,12.95343,0</coordinates></LineString></Placemark>
    <Placemark><name>hotel_soi —n→ hotel_room</name><styleUrl>#ok</styleUrl><description><![CDATA[declared <b>n</b>, real bearing 30°, off by 30°]]></description><LineString><tessellate>1</tessellate><coordinates>100.89365,12.95958,0 100.89377,12.95978,0</coordinates></LineString></Placemark>
    <Placemark><name>soi_honey_w —w→ second_rd_honey</name><styleUrl>#ok</styleUrl><description><![CDATA[declared <b>w</b>, real bearing 308°, off by 38°]]></description><LineString><tessellate>1</tessellate><coordinates>100.88331,12.93165,0 100.883,12.93189,0</coordinates></LineString></Placemark>
    <Placemark><name>soi_honey_w —e→ soi_honey_e</name><styleUrl>#ok</styleUrl><description><![CDATA[declared <b>e</b>, real bearing 128°, off by 38°]]></description><LineString><tessellate>1</tessellate><coordinates>100.88331,12.93165,0 100.88516,12.93023,0</coordinates></LineString></Placemark>
    <Placemark><name>soi_honey_w —n→ honey_trap</name><styleUrl>#ok</styleUrl><description><![CDATA[declared <b>n</b>, real bearing 7°, off by 7°]]></description><LineString><tessellate>1</tessellate><coordinates>100.88331,12.93165,0 100.88334,12.93188,0</coordinates></LineString></Placemark>
    <Placemark><name>soi_honey_w —s→ honey_soapy</name><styleUrl>#ok</styleUrl><description><![CDATA[declared <b>s</b>, real bearing 187°, off by 7°]]></description><LineString><tessellate>1</tessellate><coordinates>100.88331,12.93165,0 100.88328,12.93142,0</coordinates></LineString></Placemark>
    <Placemark><name>soi_honey_e —w→ soi_honey_w</name><styleUrl>#ok</styleUrl><description><![CDATA[declared <b>w</b>, real bearing 308°, off by 38°]]></description><LineString><tessellate>1</tessellate><coordinates>100.88516,12.93023,0 100.88331,12.93165,0</coordinates></LineString></Placemark>
    <Placemark><name>soi_honey_e —e→ buakhao_honey</name><styleUrl>#ok</styleUrl><description><![CDATA[declared <b>e</b>, real bearing 128°, off by 38°]]></description><LineString><tessellate>1</tessellate><coordinates>100.88516,12.93023,0 100.88554,12.92994,0</coordinates></LineString></Placemark>
    <Placemark><name>soi_honey_e —n→ queen_bee</name><styleUrl>#ok</styleUrl><description><![CDATA[declared <b>n</b>, real bearing 7°, off by 7°]]></description><LineString><tessellate>1</tessellate><coordinates>100.88516,12.93023,0 100.88519,12.93046,0</coordinates></LineString></Placemark>
    <Placemark><name>diana_w —w→ second_rd_diana</name><styleUrl>#ok</styleUrl><description><![CDATA[declared <b>w</b>, real bearing 309°, off by 39°]]></description><LineString><tessellate>1</tessellate><coordinates>100.88237,12.93078,0 100.88204,12.93104,0</coordinates></LineString></Placemark>
    <Placemark><name>diana_w —e→ diana_mid</name><styleUrl>#ok</styleUrl><description><![CDATA[declared <b>e</b>, real bearing 130°, off by 40°]]></description><LineString><tessellate>1</tessellate><coordinates>100.88237,12.93078,0 100.88342,12.92993,0</coordinates></LineString></Placemark>
    <Placemark><name>diana_w —n→ dollhouse</name><styleUrl>#ok</styleUrl><description><![CDATA[declared <b>n</b>, real bearing 322°, off by 38°]]></description><LineString><tessellate>1</tessellate><coordinates>100.88237,12.93078,0 100.88199,12.93126,0</coordinates></LineString></Placemark>
    <Placemark><name>diana_mid —w→ diana_w</name><styleUrl>#ok</styleUrl><description><![CDATA[declared <b>w</b>, real bearing 310°, off by 40°]]></description><LineString><tessellate>1</tessellate><coordinates>100.88342,12.92993,0 100.88237,12.93078,0</coordinates></LineString></Placemark>
    <Placemark><name>diana_mid —e→ diana_e</name><styleUrl>#ok</styleUrl><description><![CDATA[declared <b>e</b>, real bearing 130°, off by 40°]]></description><LineString><tessellate>1</tessellate><coordinates>100.88342,12.92993,0 100.88447,12.92908,0</coordinates></LineString></Placemark>
    <Placemark><name>diana_mid —n→ sapphire</name><styleUrl>#ok</styleUrl><description><![CDATA[declared <b>n</b>, real bearing 10°, off by 10°]]></description><LineString><tessellate>1</tessellate><coordinates>100.88342,12.92993,0 100.88346,12.93015,0</coordinates></LineString></Placemark>
    <Placemark><name>diana_mid —s→ sundowner</name><styleUrl>#ok</styleUrl><description><![CDATA[declared <b>s</b>, real bearing 188°, off by 8°]]></description><LineString><tessellate>1</tessellate><coordinates>100.88342,12.92993,0 100.88339,12.92971,0</coordinates></LineString></Placemark>
    <Placemark><name>diana_e —w→ diana_mid</name><styleUrl>#ok</styleUrl><description><![CDATA[declared <b>w</b>, real bearing 310°, off by 40°]]></description><LineString><tessellate>1</tessellate><coordinates>100.88447,12.92908,0 100.88342,12.92993,0</coordinates></LineString></Placemark>
    <Placemark><name>diana_e —e→ buakhao_n</name><styleUrl>#ok</styleUrl><description><![CDATA[declared <b>e</b>, real bearing 130°, off by 40°]]></description><LineString><tessellate>1</tessellate><coordinates>100.88447,12.92908,0 100.8848,12.92881,0</coordinates></LineString></Placemark>
    <Placemark><name>diana_e —n→ cricketers</name><styleUrl>#ok</styleUrl><description><![CDATA[declared <b>n</b>, real bearing 15°, off by 15°]]></description><LineString><tessellate>1</tessellate><coordinates>100.88447,12.92908,0 100.88453,12.9293,0</coordinates></LineString></Placemark>
    <Placemark><name>hotel_room —s→ hotel_soi</name><styleUrl>#ok</styleUrl><description><![CDATA[declared <b>s</b>, real bearing 210°, off by 30°]]></description><LineString><tessellate>1</tessellate><coordinates>100.89377,12.95978,0 100.89365,12.95958,0</coordinates></LineString></Placemark>
  </Folder>
</Document></kml>
