<?xml version="1.0" encoding="UTF-8"?>
<kml xmlns="http://www.opengis.net/kml/2.2"><Document>
  <name>The Last Baht Bus — Pattaya</name>
  <description>195 rooms on real coordinates. Exit lines are coloured by how far each compass word sits from the true bearing: green under 45 degrees (a four-direction grid cannot do better on a diagonal), amber to 60, red beyond.</description>

  <Style id="road"><IconStyle><scale>0.9</scale><color>ff00d7ff</color>
    <Icon><href>http://maps.google.com/mapfiles/kml/shapes/road_shield3.png</href></Icon></IconStyle></Style>
  <Style id="venue"><IconStyle><scale>0.7</scale><color>ffff64ff</color>
    <Icon><href>http://maps.google.com/mapfiles/kml/shapes/bars.png</href></Icon></IconStyle></Style>
  <Style id="ok"><LineStyle><color>c800c878</color><width>3</width></LineStyle></Style>
  <Style id="warn"><LineStyle><color>e600a5ff</color><width>4</width></LineStyle></Style>
  <Style id="bad"><LineStyle><color>ff0000ff</color><width>5</width></LineStyle></Style>
  <Folder><name>Streets</name>
    <Placemark><name>Beach Road South</name><styleUrl>#road</styleUrl><description><![CDATA[<b>beach_rd_s</b><br/>Beach Road]]></description><Point><coordinates>100.87751,12.92983,0</coordinates></Point></Placemark>
    <Placemark><name>Short-Time Motel</name><styleUrl>#road</styleUrl><description><![CDATA[<b>short_time_motel</b><br/>Beach Road]]></description><Point><coordinates>100.88503,12.93626,0</coordinates></Point></Placemark>
    <Placemark><name>Beach Road Central</name><styleUrl>#road</styleUrl><description><![CDATA[<b>beach_rd_c</b><br/>Beach Road]]></description><Point><coordinates>100.88159,12.9345,0</coordinates></Point></Placemark>
    <Placemark><name>Beach Promenade</name><styleUrl>#road</styleUrl><description><![CDATA[<b>promenade</b><br/>Beach Road]]></description><Point><coordinates>100.88117,12.9345,0</coordinates></Point></Placemark>
    <Placemark><name>Beach Road (foot of Soi 6)</name><styleUrl>#road</styleUrl><description><![CDATA[<b>beach_rd_n</b><br/>Beach Road]]></description><Point><coordinates>100.88475,12.94288,0</coordinates></Point></Placemark>
    <Placemark><name>North Pattaya Beach</name><styleUrl>#road</styleUrl><description><![CDATA[<b>north_beach</b><br/>Beach Road]]></description><Point><coordinates>100.88371,12.94324,0</coordinates></Point></Placemark>
    <Placemark><name>Central Mall (Beach Road front)</name><styleUrl>#road</styleUrl><description><![CDATA[<b>central_mall</b><br/>Beach Road]]></description><Point><coordinates>100.88345,12.9344,0</coordinates></Point></Placemark>
    <Placemark><name>Pattaya Central Police Station</name><styleUrl>#road</styleUrl><description><![CDATA[<b>police_station</b><br/>Beach Road]]></description><Point><coordinates>100.88282,12.93599,0</coordinates></Point></Placemark>
    <Placemark><name>Soi 7</name><styleUrl>#road</styleUrl><description><![CDATA[<b>pattaya_soi_7</b><br/>Beach Road]]></description><Point><coordinates>100.885,12.9365,0</coordinates></Point></Placemark>
    <Placemark><name>Sukhumvit Crossing</name><styleUrl>#road</styleUrl><description><![CDATA[<b>sukhumvit_crossing</b><br/>Darkside]]></description><Point><coordinates>100.8962,12.91004,0</coordinates></Point></Placemark>
    <Placemark><name>Soi Khao Talo</name><styleUrl>#road</styleUrl><description><![CDATA[<b>khao_talo</b><br/>Darkside]]></description><Point><coordinates>100.90975,12.90779,0</coordinates></Point></Placemark>
    <Placemark><name>Soi Khao Talo (the strip)</name><styleUrl>#road</styleUrl><description><![CDATA[<b>khao_talo_strip</b><br/>Darkside]]></description><Point><coordinates>100.90693,12.90782,0</coordinates></Point></Placemark>
    <Placemark><name>Lake Mabprachan</name><styleUrl>#road</styleUrl><description><![CDATA[<b>lake_mabprachan</b><br/>Darkside]]></description><Point><coordinates>100.96684,12.93306,0</coordinates></Point></Placemark>
    <Placemark><name>Jomtien Beach (South)</name><styleUrl>#road</styleUrl><description><![CDATA[<b>jomtien_beach</b><br/>Jomtien]]></description><Point><coordinates>100.86855,12.89615,0</coordinates></Point></Placemark>
    <Placemark><name>Jomtien Beach (North)</name><styleUrl>#road</styleUrl><description><![CDATA[<b>jomtien_beach_m</b><br/>Jomtien]]></description><Point><coordinates>100.86753,12.8972,0</coordinates></Point></Placemark>
    <Placemark><name>Jomtien Soi 7 Beach End</name><styleUrl>#road</styleUrl><description><![CDATA[<b>jomtien_soi_7_beach_end</b><br/>Jomtien]]></description><Point><coordinates>100.86949,12.89537,0</coordinates></Point></Placemark>
    <Placemark><name>Dongtan Beach (Jomtien End)</name><styleUrl>#road</styleUrl><description><![CDATA[<b>dongtan_beach</b><br/>Jomtien]]></description><Point><coordinates>100.86651,12.89826,0</coordinates></Point></Placemark>
    <Placemark><name>Jomtien Beach Road (Baht Bus Stop)</name><styleUrl>#road</styleUrl><description><![CDATA[<b>jomtien_beach_rd</b><br/>Jomtien]]></description><Point><coordinates>100.86843,12.89719,0</coordinates></Point></Placemark>
    <Placemark><name>Jomtien Beach Road (South)</name><styleUrl>#road</styleUrl><description><![CDATA[<b>jomtien_beach_rd_s</b><br/>Jomtien]]></description><Point><coordinates>100.86989,12.89568,0</coordinates></Point></Placemark>
    <Placemark><name>Jomtien Soi 7 (West / beach end)</name><styleUrl>#road</styleUrl><description><![CDATA[<b>jomtien_soi_7_w</b><br/>Jomtien]]></description><Point><coordinates>100.87025,12.89595,0</coordinates></Point></Placemark>
    <Placemark><name>Jomtien Soi 7 (Middle)</name><styleUrl>#road</styleUrl><description><![CDATA[<b>jomtien_soi_7_m</b><br/>Jomtien]]></description><Point><coordinates>100.87139,12.89679,0</coordinates></Point></Placemark>
    <Placemark><name>Jomtien Soi 7 (East / Second Road end)</name><styleUrl>#road</styleUrl><description><![CDATA[<b>jomtien_soi_7_e</b><br/>Jomtien]]></description><Point><coordinates>100.87254,12.89763,0</coordinates></Point></Placemark>
    <Placemark><name>Jomtien Second Road (South)</name><styleUrl>#road</styleUrl><description><![CDATA[<b>jomtien_2nd</b><br/>Jomtien]]></description><Point><coordinates>100.8729,12.8979,0</coordinates></Point></Placemark>
    <Placemark><name>Jomtien Second Road (North)</name><styleUrl>#road</styleUrl><description><![CDATA[<b>jomtien_2nd_n</b><br/>Jomtien]]></description><Point><coordinates>100.87021,12.9006,0</coordinates></Point></Placemark>
    <Placemark><name>Jomtien Second Road (Middle)</name><styleUrl>#road</styleUrl><description><![CDATA[<b>jomtien_2nd_m</b><br/>Jomtien]]></description><Point><coordinates>100.87137,12.89943,0</coordinates></Point></Placemark>
    <Placemark><name>7-Eleven (Jomtien)</name><styleUrl>#road</styleUrl><description><![CDATA[<b>jomtien_7eleven</b><br/>Jomtien]]></description><Point><coordinates>100.86965,12.89584,0</coordinates></Point></Placemark>
    <Placemark><name>Jomtien Beach Road (North)</name><styleUrl>#road</styleUrl><description><![CDATA[<b>jomtien_beach_rd_n</b><br/>Jomtien]]></description><Point><coordinates>100.86698,12.8987,0</coordinates></Point></Placemark>
    <Placemark><name>Dongtan Beach (South)</name><styleUrl>#road</styleUrl><description><![CDATA[<b>dongtan_beach_s</b><br/>Jomtien]]></description><Point><coordinates>100.86339,12.90198,0</coordinates></Point></Placemark>
    <Placemark><name>Dongtan Beach (Middle)</name><styleUrl>#road</styleUrl><description><![CDATA[<b>dongtan_beach_m</b><br/>Jomtien]]></description><Point><coordinates>100.86048,12.90546,0</coordinates></Point></Placemark>
    <Placemark><name>Dongtan Beach (North)</name><styleUrl>#road</styleUrl><description><![CDATA[<b>dongtan_beach_n</b><br/>Jomtien]]></description><Point><coordinates>100.85765,12.90883,0</coordinates></Point></Placemark>
    <Placemark><name>Dongtan Beach Road (Middle)</name><styleUrl>#road</styleUrl><description><![CDATA[<b>dongtan_rd_m</b><br/>Jomtien]]></description><Point><coordinates>100.86098,12.90586,0</coordinates></Point></Placemark>
    <Placemark><name>Dongtan Beach Road (South)</name><styleUrl>#road</styleUrl><description><![CDATA[<b>dongtan_rd_s</b><br/>Jomtien]]></description><Point><coordinates>100.86389,12.90238,0</coordinates></Point></Placemark>
    <Placemark><name>LK Metro (Entrance)</name><styleUrl>#road</styleUrl><description><![CDATA[<b>lk_entrance</b><br/>LK Metro]]></description><Point><coordinates>100.8841,12.9294,0</coordinates></Point></Placemark>
    <Placemark><name>LK Metro (Main Alley)</name><styleUrl>#road</styleUrl><description><![CDATA[<b>lk_main</b><br/>LK Metro]]></description><Point><coordinates>100.88464,12.92959,0</coordinates></Point></Placemark>
    <Placemark><name>LK Metro (Corner)</name><styleUrl>#road</styleUrl><description><![CDATA[<b>lk_bend</b><br/>LK Metro]]></description><Point><coordinates>100.88507,12.92952,0</coordinates></Point></Placemark>
    <Placemark><name>Myth Night Market</name><styleUrl>#road</styleUrl><description><![CDATA[<b>myth_night</b><br/>Myth Night]]></description><Point><coordinates>100.88479,12.93274,0</coordinates></Point></Placemark>
    <Placemark><name>Myth Night — Live-Stage Yard</name><styleUrl>#road</styleUrl><description><![CDATA[<b>myth_stage</b><br/>Myth Night]]></description><Point><coordinates>100.88483,12.93301,0</coordinates></Point></Placemark>
    <Placemark><name>Myth Night — Container Rows</name><styleUrl>#road</styleUrl><description><![CDATA[<b>myth_rows</b><br/>Myth Night]]></description><Point><coordinates>100.88475,12.93247,0</coordinates></Point></Placemark>
    <Placemark><name>Naklua Road</name><styleUrl>#road</styleUrl><description><![CDATA[<b>naklua_rd</b><br/>Naklua]]></description><Point><coordinates>100.88926,12.95343,0</coordinates></Point></Placemark>
    <Placemark><name>Naklua (Bar Corner)</name><styleUrl>#road</styleUrl><description><![CDATA[<b>naklua_bars</b><br/>Naklua]]></description><Point><coordinates>100.88967,12.95331,0</coordinates></Point></Placemark>
    <Placemark><name>Naklua (Spa Row)</name><styleUrl>#road</styleUrl><description><![CDATA[<b>naklua_massage</b><br/>Naklua]]></description><Point><coordinates>100.88908,12.9538,0</coordinates></Point></Placemark>
    <Placemark><name>Sabai Palms Soi (Naklua)</name><styleUrl>#road</styleUrl><description><![CDATA[<b>hotel_soi</b><br/>Naklua]]></description><Point><coordinates>100.89365,12.95958,0</coordinates></Point></Placemark>
    <Placemark><name>Your Room — Sabai Palms Hotel</name><styleUrl>#road</styleUrl><description><![CDATA[<b>hotel_room</b><br/>Naklua]]></description><Point><coordinates>100.89377,12.95978,0</coordinates></Point></Placemark>
    <Placemark><name>Pratumnak Hill Road (to Pattaya)</name><styleUrl>#road</styleUrl><description><![CDATA[<b>pratumnak_rd</b><br/>Pratumnak]]></description><Point><coordinates>100.87007,12.92068,0</coordinates></Point></Placemark>
    <Placemark><name>Thappraya Road — Hill (lower)</name><styleUrl>#road</styleUrl><description><![CDATA[<b>thappraya_ext_s</b><br/>Pratumnak]]></description><Point><coordinates>100.86927,12.90458,0</coordinates></Point></Placemark>
    <Placemark><name>Thappraya Road — Hill (middle)</name><styleUrl>#road</styleUrl><description><![CDATA[<b>thappraya_ext_m</b><br/>Pratumnak]]></description><Point><coordinates>100.86893,12.90765,0</coordinates></Point></Placemark>
    <Placemark><name>Thappraya Road — Hilltop</name><styleUrl>#road</styleUrl><description><![CDATA[<b>thappraya_ext_n</b><br/>Pratumnak]]></description><Point><coordinates>100.87064,12.91354,0</coordinates></Point></Placemark>
    <Placemark><name>Pratumnak Hill Road (crest)</name><styleUrl>#road</styleUrl><description><![CDATA[<b>pratumnak_hill_rd</b><br/>Pratumnak]]></description><Point><coordinates>100.867,12.9144,0</coordinates></Point></Placemark>
    <Placemark><name>Dongtan Beach Road (North)</name><styleUrl>#road</styleUrl><description><![CDATA[<b>dongtan_rd_n</b><br/>Pratumnak]]></description><Point><coordinates>100.85815,12.90923,0</coordinates></Point></Placemark>
    <Placemark><name>Buddha Hill Viewpoint</name><styleUrl>#road</styleUrl><description><![CDATA[<b>buddha_hill</b><br/>Pratumnak]]></description><Point><coordinates>100.86677,12.9204,0</coordinates></Point></Placemark>
    <Placemark><name>Second Road (South)</name><styleUrl>#road</styleUrl><description><![CDATA[<b>second_rd_s</b><br/>Second Road]]></description><Point><coordinates>100.88084,12.92999,0</coordinates></Point></Placemark>
    <Placemark><name>Second Road (Central)</name><styleUrl>#road</styleUrl><description><![CDATA[<b>second_rd_c</b><br/>Second Road]]></description><Point><coordinates>100.88506,12.93431,0</coordinates></Point></Placemark>
    <Placemark><name>Second Road (Soi Diana)</name><styleUrl>#road</styleUrl><description><![CDATA[<b>second_rd_diana</b><br/>Second Road]]></description><Point><coordinates>100.88204,12.93104,0</coordinates></Point></Placemark>
    <Placemark><name>Second Road (North)</name><styleUrl>#road</styleUrl><description><![CDATA[<b>second_rd_n</b><br/>Second Road]]></description><Point><coordinates>100.8858,12.93539,0</coordinates></Point></Placemark>
    <Placemark><name>Central Pattaya Road (Pattaya Klang)</name><styleUrl>#road</styleUrl><description><![CDATA[<b>pattaya_klang</b><br/>Second Road]]></description><Point><coordinates>100.88651,12.93665,0</coordinates></Point></Placemark>
    <Placemark><name>Second Road (Soi 6)</name><styleUrl>#road</styleUrl><description><![CDATA[<b>second_rd_soi6</b><br/>Second Road]]></description><Point><coordinates>100.88788,12.94182,0</coordinates></Point></Placemark>
    <Placemark><name>Soi 6 (West End)</name><styleUrl>#road</styleUrl><description><![CDATA[<b>soi6_street</b><br/>Soi 6]]></description><Point><coordinates>100.88544,12.94265,0</coordinates></Point></Placemark>
    <Placemark><name>Soi 6 (Middle)</name><styleUrl>#road</styleUrl><description><![CDATA[<b>soi6_mid</b><br/>Soi 6]]></description><Point><coordinates>100.88647,12.9423,0</coordinates></Point></Placemark>
    <Placemark><name>Soi 6 (East End)</name><styleUrl>#road</styleUrl><description><![CDATA[<b>soi6_deep</b><br/>Soi 6]]></description><Point><coordinates>100.88741,12.94198,0</coordinates></Point></Placemark>
    <Placemark><name>Your Room — Queen Vic Inn</name><styleUrl>#road</styleUrl><description><![CDATA[<b>qv_room</b><br/>Soi 6]]></description><Point><coordinates>100.88623,12.94253,0</coordinates></Point></Placemark>
    <Placemark><name>Soi Buakhao (Klang End)</name><styleUrl>#road</styleUrl><description><![CDATA[<b>buakhao_klang</b><br/>Soi Buakhao]]></description><Point><coordinates>100.88854,12.93594,0</coordinates></Point></Placemark>
    <Placemark><name>Soi Buakhao (Made in Thailand)</name><styleUrl>#road</styleUrl><description><![CDATA[<b>buakhao_myth</b><br/>Soi Buakhao]]></description><Point><coordinates>100.88678,12.93208,0</coordinates></Point></Placemark>
    <Placemark><name>Soi Buakhao (Tree Town Arch)</name><styleUrl>#road</styleUrl><description><![CDATA[<b>buakhao_tt</b><br/>Soi Buakhao]]></description><Point><coordinates>100.88646,12.93146,0</coordinates></Point></Placemark>
    <Placemark><name>Soi Buakhao (North)</name><styleUrl>#road</styleUrl><description><![CDATA[<b>buakhao_n</b><br/>Soi Buakhao]]></description><Point><coordinates>100.8848,12.92881,0</coordinates></Point></Placemark>
    <Placemark><name>Soi Buakhao (Old Market)</name><styleUrl>#road</styleUrl><description><![CDATA[<b>buakhao_market</b><br/>Soi Buakhao]]></description><Point><coordinates>100.883,12.92691,0</coordinates></Point></Placemark>
    <Placemark><name>Soi Buakhao (South)</name><styleUrl>#road</styleUrl><description><![CDATA[<b>buakhao_s</b><br/>Soi Buakhao]]></description><Point><coordinates>100.88002,12.9249,0</coordinates></Point></Placemark>
    <Placemark><name>Your Room — LK Metropole</name><styleUrl>#road</styleUrl><description><![CDATA[<b>metropole_room</b><br/>Soi Buakhao]]></description><Point><coordinates>100.88485,12.92974,0</coordinates></Point></Placemark>
    <Placemark><name>Soi Diana (Second Road end)</name><styleUrl>#road</styleUrl><description><![CDATA[<b>diana_w</b><br/>Soi Diana]]></description><Point><coordinates>100.88237,12.93078,0</coordinates></Point></Placemark>
    <Placemark><name>Soi Diana (middle)</name><styleUrl>#road</styleUrl><description><![CDATA[<b>diana_mid</b><br/>Soi Diana]]></description><Point><coordinates>100.88342,12.92993,0</coordinates></Point></Placemark>
    <Placemark><name>Soi Diana (Buakhao end)</name><styleUrl>#road</styleUrl><description><![CDATA[<b>diana_e</b><br/>Soi Diana]]></description><Point><coordinates>100.88447,12.92908,0</coordinates></Point></Placemark>
    <Placemark><name>Your Room — Areca Lodge</name><styleUrl>#road</styleUrl><description><![CDATA[<b>areca_room</b><br/>Soi Diana]]></description><Point><coordinates>100.8829,12.92915,0</coordinates></Point></Placemark>
    <Placemark><name>Soi Honey (west end)</name><styleUrl>#road</styleUrl><description><![CDATA[<b>soi_honey_w</b><br/>Soi Honey]]></description><Point><coordinates>100.883,12.93189,0</coordinates></Point></Placemark>
    <Placemark><name>Soi Honey (east end)</name><styleUrl>#road</styleUrl><description><![CDATA[<b>soi_honey_e</b><br/>Soi Honey]]></description><Point><coordinates>100.88554,12.92994,0</coordinates></Point></Placemark>
    <Placemark><name>Thappraya Rd — Main Strip (west)</name><styleUrl>#road</styleUrl><description><![CDATA[<b>thappraya_w</b><br/>Thappraya]]></description><Point><coordinates>100.86732,12.89897,0</coordinates></Point></Placemark>
    <Placemark><name>Thappraya Rd — Main Strip (middle)</name><styleUrl>#road</styleUrl><description><![CDATA[<b>thappraya_mid</b><br/>Thappraya]]></description><Point><coordinates>100.86841,12.89983,0</coordinates></Point></Placemark>
    <Placemark><name>Thappraya Rd — Main Strip (Second Road end)</name><styleUrl>#road</styleUrl><description><![CDATA[<b>thappraya_e</b><br/>Thappraya]]></description><Point><coordinates>100.86985,12.90097,0</coordinates></Point></Placemark>
    <Placemark><name>Supertown Complex (alley)</name><styleUrl>#road</styleUrl><description><![CDATA[<b>supertown_alley</b><br/>Thappraya]]></description><Point><coordinates>100.8678,12.90042,0</coordinates></Point></Placemark>
    <Placemark><name>Supertown Complex (the elbow)</name><styleUrl>#road</styleUrl><description><![CDATA[<b>supertown_elbow</b><br/>Thappraya]]></description><Point><coordinates>100.86819,12.90079,0</coordinates></Point></Placemark>
    <Placemark><name>Tree Town (Entrance Arch)</name><styleUrl>#road</styleUrl><description><![CDATA[<b>tt_entrance</b><br/>Tree Town]]></description><Point><coordinates>100.88618,12.9315,0</coordinates></Point></Placemark>
    <Placemark><name>Tree Town (Inner Lane)</name><styleUrl>#road</styleUrl><description><![CDATA[<b>tt_lane_1</b><br/>Tree Town]]></description><Point><coordinates>100.88588,12.93148,0</coordinates></Point></Placemark>
    <Placemark><name>Tree Town (Cross Lane)</name><styleUrl>#road</styleUrl><description><![CDATA[<b>tt_lane_2</b><br/>Tree Town]]></description><Point><coordinates>100.88558,12.93146,0</coordinates></Point></Placemark>
    <Placemark><name>Tree Town (Back Lane)</name><styleUrl>#road</styleUrl><description><![CDATA[<b>tt_back</b><br/>Tree Town]]></description><Point><coordinates>100.88535,12.93128,0</coordinates></Point></Placemark>
    <Placemark><name>Tree Town (Far Lane)</name><styleUrl>#road</styleUrl><description><![CDATA[<b>tt_lane_3</b><br/>Tree Town]]></description><Point><coordinates>100.88536,12.93106,0</coordinates></Point></Placemark>
    <Placemark><name>Tree Town (Deep Corner)</name><styleUrl>#road</styleUrl><description><![CDATA[<b>tt_deep</b><br/>Tree Town]]></description><Point><coordinates>100.88508,12.93118,0</coordinates></Point></Placemark>
    <Placemark><name>Madam Oy's Office</name><styleUrl>#road</styleUrl><description><![CDATA[<b>oy_office</b><br/>Tree Town]]></description><Point><coordinates>100.88464,12.9311,0</coordinates></Point></Placemark>
    <Placemark><name>Walking Street Gate</name><styleUrl>#road</styleUrl><description><![CDATA[<b>ws_gate</b><br/>Walking Street]]></description><Point><coordinates>100.87469,12.92745,0</coordinates></Point></Placemark>
    <Placemark><name>Walking Street (North)</name><styleUrl>#road</styleUrl><description><![CDATA[<b>ws_north</b><br/>Walking Street]]></description><Point><coordinates>100.87269,12.92616,0</coordinates></Point></Placemark>
    <Placemark><name>Walking Street Side-Alley</name><styleUrl>#road</styleUrl><description><![CDATA[<b>ws_alley</b><br/>Walking Street]]></description><Point><coordinates>100.87255,12.92645,0</coordinates></Point></Placemark>
    <Placemark><name>Walking Street (South)</name><styleUrl>#road</styleUrl><description><![CDATA[<b>ws_south</b><br/>Walking Street]]></description><Point><coordinates>100.87018,12.92508,0</coordinates></Point></Placemark>
    <Placemark><name>Bali Hai Pier</name><styleUrl>#road</styleUrl><description><![CDATA[<b>bali_hai</b><br/>Walking Street]]></description><Point><coordinates>100.86855,12.9246,0</coordinates></Point></Placemark>
    <Placemark><name>Soi Diamond</name><styleUrl>#road</styleUrl><description><![CDATA[<b>soi_diamond</b><br/>Walking Street]]></description><Point><coordinates>100.87379,12.92606,0</coordinates></Point></Placemark>
  </Folder>
  <Folder><name>Venues</name>
    <Placemark><name>Tequila Queen A-Go-Go</name><styleUrl>#venue</styleUrl><description><![CDATA[<b>tequila_queen</b><br/>Beach Road]]></description><Point><coordinates>100.87946,12.93164,0</coordinates></Point></Placemark>
    <Placemark><name>Blue Dog</name><styleUrl>#venue</styleUrl><description><![CDATA[<b>blue_dog</b><br/>Beach Road]]></description><Point><coordinates>100.88471,12.94309,0</coordinates></Point></Placemark>
    <Placemark><name>The Stinky Pinky</name><styleUrl>#venue</styleUrl><description><![CDATA[<b>stinky_bar</b><br/>Beach Road]]></description><Point><coordinates>100.88459,12.94275,0</coordinates></Point></Placemark>
    <Placemark><name>Cherry Oil Massage</name><styleUrl>#venue</styleUrl><description><![CDATA[<b>beachrd_oil</b><br/>Beach Road]]></description><Point><coordinates>100.88186,12.93396,0</coordinates></Point></Placemark>
    <Placemark><name>Papaya Massage</name><styleUrl>#venue</styleUrl><description><![CDATA[<b>papaya_massage</b><br/>Beach Road]]></description><Point><coordinates>100.87788,12.92934,0</coordinates></Point></Placemark>
    <Placemark><name>Beach Road Thai Massage</name><styleUrl>#venue</styleUrl><description><![CDATA[<b>beachthai_massage</b><br/>Beach Road]]></description><Point><coordinates>100.87788,12.92906,0</coordinates></Point></Placemark>
    <Placemark><name>The Shamrock</name><styleUrl>#venue</styleUrl><description><![CDATA[<b>shamrock</b><br/>Darkside]]></description><Point><coordinates>100.90665,12.90802,0</coordinates></Point></Placemark>
    <Placemark><name>Daeng's Place</name><styleUrl>#venue</styleUrl><description><![CDATA[<b>khao_talo_bar</b><br/>Darkside]]></description><Point><coordinates>100.90995,12.90797,0</coordinates></Point></Placemark>
    <Placemark><name>The Water Buffalo</name><styleUrl>#venue</styleUrl><description><![CDATA[<b>water_buffalo</b><br/>Darkside]]></description><Point><coordinates>100.90699,12.90813,0</coordinates></Point></Placemark>
    <Placemark><name>Firefly Bar</name><styleUrl>#venue</styleUrl><description><![CDATA[<b>firefly_bar</b><br/>Darkside]]></description><Point><coordinates>100.90706,12.90764,0</coordinates></Point></Placemark>
    <Placemark><name>The Night Heron</name><styleUrl>#venue</styleUrl><description><![CDATA[<b>night_heron</b><br/>Darkside]]></description><Point><coordinates>100.90754,12.90764,0</coordinates></Point></Placemark>
    <Placemark><name>Mama Yai's</name><styleUrl>#venue</styleUrl><description><![CDATA[<b>mama_yai</b><br/>Darkside]]></description><Point><coordinates>100.90958,12.90759,0</coordinates></Point></Placemark>
    <Placemark><name>Rompho Market</name><styleUrl>#venue</styleUrl><description><![CDATA[<b>soi_rompho</b><br/>Jomtien]]></description><Point><coordinates>100.87266,12.89806,0</coordinates></Point></Placemark>
    <Placemark><name>Cheap Charlie's (Jomtien)</name><styleUrl>#venue</styleUrl><description><![CDATA[<b>cheap_charlies_jt</b><br/>Jomtien]]></description><Point><coordinates>100.87118,12.8968,0</coordinates></Point></Placemark>
    <Placemark><name>KISS Jomtien</name><styleUrl>#venue</styleUrl><description><![CDATA[<b>kiss_jomtien</b><br/>Jomtien]]></description><Point><coordinates>100.87113,12.8996,0</coordinates></Point></Placemark>
    <Placemark><name>Lucky 7 Bar</name><styleUrl>#venue</styleUrl><description><![CDATA[<b>lucky7</b><br/>Jomtien]]></description><Point><coordinates>100.87001,12.89611,0</coordinates></Point></Placemark>
    <Placemark><name>Sea Breeze Bar</name><styleUrl>#venue</styleUrl><description><![CDATA[<b>seabreeze</b><br/>Jomtien]]></description><Point><coordinates>100.87049,12.89596,0</coordinates></Point></Placemark>
    <Placemark><name>Coconut Bar</name><styleUrl>#venue</styleUrl><description><![CDATA[<b>coconut</b><br/>Jomtien]]></description><Point><coordinates>100.8723,12.89779,0</coordinates></Point></Placemark>
    <Placemark><name>The Sandbar</name><styleUrl>#venue</styleUrl><description><![CDATA[<b>sandbar</b><br/>Jomtien]]></description><Point><coordinates>100.87278,12.89765,0</coordinates></Point></Placemark>
    <Placemark><name>Sunset Oil Massage</name><styleUrl>#venue</styleUrl><description><![CDATA[<b>jomtien_soi_7_oil</b><br/>Jomtien]]></description><Point><coordinates>100.87001,12.89582,0</coordinates></Point></Placemark>
    <Placemark><name>Soi 7 Thai Massage</name><styleUrl>#venue</styleUrl><description><![CDATA[<b>jomtien_soi_7_thai</b><br/>Jomtien]]></description><Point><coordinates>100.8723,12.89751,0</coordinates></Point></Placemark>
    <Placemark><name>Jomtien Sabai Massage</name><styleUrl>#venue</styleUrl><description><![CDATA[<b>jomtien_thai</b><br/>Jomtien]]></description><Point><coordinates>100.86819,12.89735,0</coordinates></Point></Placemark>
    <Placemark><name>The Offside Sports Bar</name><styleUrl>#venue</styleUrl><description><![CDATA[<b>lk_sports</b><br/>LK Metro]]></description><Point><coordinates>100.88472,12.92941,0</coordinates></Point></Placemark>
    <Placemark><name>The Metro Beer Garden</name><styleUrl>#venue</styleUrl><description><![CDATA[<b>metro_garden</b><br/>LK Metro]]></description><Point><coordinates>100.88512,12.92974,0</coordinates></Point></Placemark>
    <Placemark><name>The Pit Stop</name><styleUrl>#venue</styleUrl><description><![CDATA[<b>pit_stop</b><br/>LK Metro]]></description><Point><coordinates>100.88531,12.92967,0</coordinates></Point></Placemark>
    <Placemark><name>KINKY Go-Go</name><styleUrl>#venue</styleUrl><description><![CDATA[<b>kinky</b><br/>LK Metro]]></description><Point><coordinates>100.88457,12.92979,0</coordinates></Point></Placemark>
    <Placemark><name>Slutty Go-Go</name><styleUrl>#venue</styleUrl><description><![CDATA[<b>slutty</b><br/>LK Metro]]></description><Point><coordinates>100.88468,12.92934,0</coordinates></Point></Placemark>
    <Placemark><name>Las Vegas Go-Go</name><styleUrl>#venue</styleUrl><description><![CDATA[<b>las_vegas</b><br/>LK Metro]]></description><Point><coordinates>100.88523,12.9293,0</coordinates></Point></Placemark>
    <Placemark><name>The Amp Room</name><styleUrl>#venue</styleUrl><description><![CDATA[<b>amp_room</b><br/>Myth Night]]></description><Point><coordinates>100.88464,12.93309,0</coordinates></Point></Placemark>
    <Placemark><name>Feedback Bar</name><styleUrl>#venue</styleUrl><description><![CDATA[<b>feedback_bar</b><br/>Myth Night]]></description><Point><coordinates>100.88503,12.93307,0</coordinates></Point></Placemark>
    <Placemark><name>Encore</name><styleUrl>#venue</styleUrl><description><![CDATA[<b>encore_bar</b><br/>Myth Night]]></description><Point><coordinates>100.88472,12.93292,0</coordinates></Point></Placemark>
    <Placemark><name>Soundcheck Bar</name><styleUrl>#venue</styleUrl><description><![CDATA[<b>soundcheck_bar</b><br/>Myth Night]]></description><Point><coordinates>100.8849,12.93321,0</coordinates></Point></Placemark>
    <Placemark><name>Craft &amp; Cargo</name><styleUrl>#venue</styleUrl><description><![CDATA[<b>craft_cargo</b><br/>Myth Night]]></description><Point><coordinates>100.88457,12.93252,0</coordinates></Point></Placemark>
    <Placemark><name>The Growler</name><styleUrl>#venue</styleUrl><description><![CDATA[<b>the_growler</b><br/>Myth Night]]></description><Point><coordinates>100.8849,12.93249,0</coordinates></Point></Placemark>
    <Placemark><name>Container 8</name><styleUrl>#venue</styleUrl><description><![CDATA[<b>container_8</b><br/>Myth Night]]></description><Point><coordinates>100.88463,12.93234,0</coordinates></Point></Placemark>
    <Placemark><name>Reload Bar</name><styleUrl>#venue</styleUrl><description><![CDATA[<b>reload_bar</b><br/>Myth Night]]></description><Point><coordinates>100.88483,12.93227,0</coordinates></Point></Placemark>
    <Placemark><name>Candy Bar 2</name><styleUrl>#venue</styleUrl><description><![CDATA[<b>candy_bar_2</b><br/>Myth Night]]></description><Point><coordinates>100.88507,12.93298,0</coordinates></Point></Placemark>
    <Placemark><name>The Anchor Bar</name><styleUrl>#venue</styleUrl><description><![CDATA[<b>anchor_bar</b><br/>Naklua]]></description><Point><coordinates>100.88982,12.9532,0</coordinates></Point></Placemark>
    <Placemark><name>Dolphin Bar</name><styleUrl>#venue</styleUrl><description><![CDATA[<b>dolphin_bar</b><br/>Naklua]]></description><Point><coordinates>100.88971,12.95349,0</coordinates></Point></Placemark>
    <Placemark><name>The Mooring</name><styleUrl>#venue</styleUrl><description><![CDATA[<b>mooring_bar</b><br/>Naklua]]></description><Point><coordinates>100.88985,12.95304,0</coordinates></Point></Placemark>
    <Placemark><name>Naklua Traditional Massage</name><styleUrl>#venue</styleUrl><description><![CDATA[<b>naklua_thai</b><br/>Naklua]]></description><Point><coordinates>100.88891,12.95392,0</coordinates></Point></Placemark>
    <Placemark><name>Lotus Oil Massage</name><styleUrl>#venue</styleUrl><description><![CDATA[<b>lotus_oil</b><br/>Naklua]]></description><Point><coordinates>100.88904,12.95407,0</coordinates></Point></Placemark>
    <Placemark><name>The Emperor Massage</name><styleUrl>#venue</styleUrl><description><![CDATA[<b>emperor_soapy</b><br/>Naklua]]></description><Point><coordinates>100.8893,12.95396,0</coordinates></Point></Placemark>
    <Placemark><name>The Orchid Club</name><styleUrl>#venue</styleUrl><description><![CDATA[<b>orchid_club</b><br/>Naklua]]></description><Point><coordinates>100.88884,12.95327,0</coordinates></Point></Placemark>
    <Placemark><name>Bamboo Oil Massage</name><styleUrl>#venue</styleUrl><description><![CDATA[<b>diana_oil</b><br/>Second Road]]></description><Point><coordinates>100.88184,12.93077,0</coordinates></Point></Placemark>
    <Placemark><name>Pattaya Night Bazaar</name><styleUrl>#venue</styleUrl><description><![CDATA[<b>night_bazaar</b><br/>Second Road]]></description><Point><coordinates>100.88451,12.93232,0</coordinates></Point></Placemark>
    <Placemark><name>Mike's Mall</name><styleUrl>#venue</styleUrl><description><![CDATA[<b>mikes_mall</b><br/>Second Road]]></description><Point><coordinates>100.88081,12.9319,0</coordinates></Point></Placemark>
    <Placemark><name>Smile Massage</name><styleUrl>#venue</styleUrl><description><![CDATA[<b>smile_massage</b><br/>Second Road]]></description><Point><coordinates>100.88554,12.93552,0</coordinates></Point></Placemark>
    <Placemark><name>Poseidon Massage</name><styleUrl>#venue</styleUrl><description><![CDATA[<b>poseidon_soapy</b><br/>Second Road]]></description><Point><coordinates>100.88606,12.93528,0</coordinates></Point></Placemark>
    <Placemark><name>Second Road Traditional Massage</name><styleUrl>#venue</styleUrl><description><![CDATA[<b>second_thai</b><br/>Second Road]]></description><Point><coordinates>100.88107,12.93014,0</coordinates></Point></Placemark>
    <Placemark><name>The Shady Lady</name><styleUrl>#venue</styleUrl><description><![CDATA[<b>sunset_rail</b><br/>Soi 6]]></description><Point><coordinates>100.88633,12.94219,0</coordinates></Point></Placemark>
    <Placemark><name>Front Row Bar</name><styleUrl>#venue</styleUrl><description><![CDATA[<b>bay_watch</b><br/>Soi 6]]></description><Point><coordinates>100.88662,12.9424,0</coordinates></Point></Placemark>
    <Placemark><name>The Verandah</name><styleUrl>#venue</styleUrl><description><![CDATA[<b>sandy_toes</b><br/>Soi 6]]></description><Point><coordinates>100.88671,12.94206,0</coordinates></Point></Placemark>
    <Placemark><name>Pink Lotus Lounge</name><styleUrl>#venue</styleUrl><description><![CDATA[<b>pink_lotus</b><br/>Soi 6]]></description><Point><coordinates>100.8853,12.94285,0</coordinates></Point></Placemark>
    <Placemark><name>The Orchid Room</name><styleUrl>#venue</styleUrl><description><![CDATA[<b>orchid_room</b><br/>Soi 6]]></description><Point><coordinates>100.8853,12.94285,0</coordinates></Point></Placemark>
    <Placemark><name>Golden Dragon Bar</name><styleUrl>#venue</styleUrl><description><![CDATA[<b>golden_dragon</b><br/>Soi 6]]></description><Point><coordinates>100.88539,12.94251,0</coordinates></Point></Placemark>
    <Placemark><name>Sunset Dreams Lounge</name><styleUrl>#venue</styleUrl><description><![CDATA[<b>sunset_dreams</b><br/>Soi 6]]></description><Point><coordinates>100.88568,12.94272,0</coordinates></Point></Placemark>
    <Placemark><name>Kitten Corner</name><styleUrl>#venue</styleUrl><description><![CDATA[<b>kitten_corner</b><br/>Soi 6]]></description><Point><coordinates>100.88727,12.94218,0</coordinates></Point></Placemark>
    <Placemark><name>Cherry Pop Bar</name><styleUrl>#venue</styleUrl><description><![CDATA[<b>cherry_pop</b><br/>Soi 6]]></description><Point><coordinates>100.88736,12.94184,0</coordinates></Point></Placemark>
    <Placemark><name>Ruby Kiss Bar</name><styleUrl>#venue</styleUrl><description><![CDATA[<b>ruby_kiss</b><br/>Soi 6]]></description><Point><coordinates>100.88765,12.94205,0</coordinates></Point></Placemark>
    <Placemark><name>Queen Vic Inn</name><styleUrl>#venue</styleUrl><description><![CDATA[<b>queen_vic</b><br/>Soi 6]]></description><Point><coordinates>100.88623,12.94253,0</coordinates></Point></Placemark>
    <Placemark><name>Klang Corner Massage</name><styleUrl>#venue</styleUrl><description><![CDATA[<b>klang_massage</b><br/>Soi Buakhao]]></description><Point><coordinates>100.88832,12.93567,0</coordinates></Point></Placemark>
    <Placemark><name>Plaza Thai Massage</name><styleUrl>#venue</styleUrl><description><![CDATA[<b>myth_massage</b><br/>Soi Buakhao]]></description><Point><coordinates>100.88701,12.93184,0</coordinates></Point></Placemark>
    <Placemark><name>Candy Bar</name><styleUrl>#venue</styleUrl><description><![CDATA[<b>candy_bar</b><br/>Soi Buakhao]]></description><Point><coordinates>100.88474,12.92857,0</coordinates></Point></Placemark>
    <Placemark><name>Cheap Charlie's</name><styleUrl>#venue</styleUrl><description><![CDATA[<b>cheap_charlies</b><br/>Soi Buakhao]]></description><Point><coordinates>100.88462,12.92839,0</coordinates></Point></Placemark>
    <Placemark><name>Lucky Tiger Bar</name><styleUrl>#venue</styleUrl><description><![CDATA[<b>lucky_tiger</b><br/>Soi Buakhao]]></description><Point><coordinates>100.88506,12.92901,0</coordinates></Point></Placemark>
    <Placemark><name>Rock Factory</name><styleUrl>#venue</styleUrl><description><![CDATA[<b>rock_factory</b><br/>Soi Buakhao]]></description><Point><coordinates>100.88489,12.92914,0</coordinates></Point></Placemark>
    <Placemark><name>Silk Rose Bar</name><styleUrl>#venue</styleUrl><description><![CDATA[<b>silk_rose</b><br/>Soi Buakhao]]></description><Point><coordinates>100.88327,12.92693,0</coordinates></Point></Placemark>
    <Placemark><name>Jasmine Garden Bar</name><styleUrl>#venue</styleUrl><description><![CDATA[<b>jasmine_garden</b><br/>Soi Buakhao]]></description><Point><coordinates>100.87915,12.92414,0</coordinates></Point></Placemark>
    <Placemark><name>Golden Touch Massage</name><styleUrl>#venue</styleUrl><description><![CDATA[<b>buakhao_oil</b><br/>Soi Buakhao]]></description><Point><coordinates>100.88312,12.92676,0</coordinates></Point></Placemark>
    <Placemark><name>KISS Restaurant</name><styleUrl>#venue</styleUrl><description><![CDATA[<b>kiss</b><br/>Soi Diana]]></description><Point><coordinates>100.88205,12.93087,0</coordinates></Point></Placemark>
    <Placemark><name>The Dollhouse</name><styleUrl>#venue</styleUrl><description><![CDATA[<b>dollhouse</b><br/>Soi Diana]]></description><Point><coordinates>100.88199,12.93126,0</coordinates></Point></Placemark>
    <Placemark><name>Sapphire Bar</name><styleUrl>#venue</styleUrl><description><![CDATA[<b>sapphire</b><br/>Soi Diana]]></description><Point><coordinates>100.88346,12.93015,0</coordinates></Point></Placemark>
    <Placemark><name>Sundowner Bar</name><styleUrl>#venue</styleUrl><description><![CDATA[<b>sundowner</b><br/>Soi Diana]]></description><Point><coordinates>100.88339,12.92971,0</coordinates></Point></Placemark>
    <Placemark><name>The Cricketers</name><styleUrl>#venue</styleUrl><description><![CDATA[<b>cricketers</b><br/>Soi Diana]]></description><Point><coordinates>100.88453,12.9293,0</coordinates></Point></Placemark>
    <Placemark><name>Honeycomb Massage</name><styleUrl>#venue</styleUrl><description><![CDATA[<b>honey_soapy</b><br/>Soi Honey]]></description><Point><coordinates>100.88302,12.93165,0</coordinates></Point></Placemark>
    <Placemark><name>Honey Trap Bar</name><styleUrl>#venue</styleUrl><description><![CDATA[<b>honey_trap</b><br/>Soi Honey]]></description><Point><coordinates>100.88306,12.93212,0</coordinates></Point></Placemark>
    <Placemark><name>The Hive</name><styleUrl>#venue</styleUrl><description><![CDATA[<b>queen_bee</b><br/>Soi Honey]]></description><Point><coordinates>100.8856,12.93017,0</coordinates></Point></Placemark>
    <Placemark><name>Buzz Inn</name><styleUrl>#venue</styleUrl><description><![CDATA[<b>buzz_inn</b><br/>Soi Honey]]></description><Point><coordinates>100.88556,12.9297,0</coordinates></Point></Placemark>
    <Placemark><name>The Adonis Club</name><styleUrl>#venue</styleUrl><description><![CDATA[<b>adonis_club</b><br/>Thappraya]]></description><Point><coordinates>100.86756,12.90054,0</coordinates></Point></Placemark>
    <Placemark><name>The Peacock Cabaret</name><styleUrl>#venue</styleUrl><description><![CDATA[<b>peacock_cabaret</b><br/>Thappraya]]></description><Point><coordinates>100.86835,12.90094,0</coordinates></Point></Placemark>
    <Placemark><name>Arrow Bar</name><styleUrl>#venue</styleUrl><description><![CDATA[<b>arrow_bar</b><br/>Thappraya]]></description><Point><coordinates>100.86708,12.89913,0</coordinates></Point></Placemark>
    <Placemark><name>Cheeky Monkey Bar</name><styleUrl>#venue</styleUrl><description><![CDATA[<b>cheeky_monkey</b><br/>Thappraya]]></description><Point><coordinates>100.86865,12.89985,0</coordinates></Point></Placemark>
    <Placemark><name>The Office Bar</name><styleUrl>#venue</styleUrl><description><![CDATA[<b>the_office</b><br/>Thappraya]]></description><Point><coordinates>100.87009,12.90099,0</coordinates></Point></Placemark>
    <Placemark><name>Hyper A Go-Go</name><styleUrl>#venue</styleUrl><description><![CDATA[<b>hyper</b><br/>Thappraya]]></description><Point><coordinates>100.86817,12.89999,0</coordinates></Point></Placemark>
    <Placemark><name>Take Care Me</name><styleUrl>#venue</styleUrl><description><![CDATA[<b>take_care_me</b><br/>Thappraya]]></description><Point><coordinates>100.86961,12.90113,0</coordinates></Point></Placemark>
    <Placemark><name>The Boardroom</name><styleUrl>#venue</styleUrl><description><![CDATA[<b>the_boardroom</b><br/>Thappraya]]></description><Point><coordinates>100.86756,12.89899,0</coordinates></Point></Placemark>
    <Placemark><name>The Velvet Club</name><styleUrl>#venue</styleUrl><description><![CDATA[<b>velvet_club</b><br/>Thappraya]]></description><Point><coordinates>100.86817,12.8997,0</coordinates></Point></Placemark>
    <Placemark><name>Beach Turn Oil Massage</name><styleUrl>#venue</styleUrl><description><![CDATA[<b>beach_turn_massage</b><br/>Thappraya]]></description><Point><coordinates>100.86708,12.89884,0</coordinates></Point></Placemark>
    <Placemark><name>Thappraya Thai Massage</name><styleUrl>#venue</styleUrl><description><![CDATA[<b>thappraya_massage</b><br/>Thappraya]]></description><Point><coordinates>100.86961,12.90084,0</coordinates></Point></Placemark>
    <Placemark><name>The Rabbit Hole</name><styleUrl>#venue</styleUrl><description><![CDATA[<b>rabbit_hole</b><br/>Tree Town]]></description><Point><coordinates>100.88522,12.93102,0</coordinates></Point></Placemark>
    <Placemark><name>Lucky Charm Bar</name><styleUrl>#venue</styleUrl><description><![CDATA[<b>lucky_charm</b><br/>Tree Town]]></description><Point><coordinates>100.88516,12.93104,0</coordinates></Point></Placemark>
    <Placemark><name>Moonshine Bar</name><styleUrl>#venue</styleUrl><description><![CDATA[<b>moonshine_bar</b><br/>Tree Town]]></description><Point><coordinates>100.88558,12.93098,0</coordinates></Point></Placemark>
    <Placemark><name>Gold Rush Lounge</name><styleUrl>#venue</styleUrl><description><![CDATA[<b>gold_rush</b><br/>Tree Town]]></description><Point><coordinates>100.8859,12.93168,0</coordinates></Point></Placemark>
    <Placemark><name>Starlight Bar</name><styleUrl>#venue</styleUrl><description><![CDATA[<b>starlight_bar</b><br/>Tree Town]]></description><Point><coordinates>100.8856,12.93166,0</coordinates></Point></Placemark>
    <Placemark><name>Rainbow Girls Bar</name><styleUrl>#venue</styleUrl><description><![CDATA[<b>rainbow_girls</b><br/>Tree Town]]></description><Point><coordinates>100.88482,12.93114,0</coordinates></Point></Placemark>
    <Placemark><name>Neon Paradise A-Go-Go</name><styleUrl>#venue</styleUrl><description><![CDATA[<b>neon_paradise</b><br/>Walking Street]]></description><Point><coordinates>100.87243,12.92616,0</coordinates></Point></Placemark>
    <Placemark><name>Club Mirage</name><styleUrl>#venue</styleUrl><description><![CDATA[<b>club_mirage</b><br/>Walking Street]]></description><Point><coordinates>100.87294,12.92616,0</coordinates></Point></Placemark>
    <Placemark><name>The Windmill</name><styleUrl>#venue</styleUrl><description><![CDATA[<b>windmill</b><br/>Walking Street]]></description><Point><coordinates>100.8736,12.92598,0</coordinates></Point></Placemark>
    <Placemark><name>Katoey's R Us</name><styleUrl>#venue</styleUrl><description><![CDATA[<b>katoeys</b><br/>Walking Street]]></description><Point><coordinates>100.87397,12.92614,0</coordinates></Point></Placemark>
    <Placemark><name>Crystal Palace A-Go-Go</name><styleUrl>#venue</styleUrl><description><![CDATA[<b>crystal_palace</b><br/>Walking Street]]></description><Point><coordinates>100.86992,12.92508,0</coordinates></Point></Placemark>
    <Placemark><name>Paradise Nights Club</name><styleUrl>#venue</styleUrl><description><![CDATA[<b>paradise_nights</b><br/>Walking Street]]></description><Point><coordinates>100.87044,12.92508,0</coordinates></Point></Placemark>
    <Placemark><name>Midnight Sun Bar</name><styleUrl>#venue</styleUrl><description><![CDATA[<b>midnight_sun</b><br/>Walking Street]]></description><Point><coordinates>100.86987,12.92467,0</coordinates></Point></Placemark>
    <Placemark><name>Ruean Sabai Thai Massage</name><styleUrl>#venue</styleUrl><description><![CDATA[<b>thai_massage</b><br/>Walking Street]]></description><Point><coordinates>100.87496,12.92731,0</coordinates></Point></Placemark>
  </Folder>
  <Folder><name>Exits — the bar mat map (201 clean · 21 amber · 11 red)</name>
    <Placemark><name>jomtien_beach —e→ jomtien_beach_rd_s</name><styleUrl>#ok</styleUrl><description><![CDATA[declared <b>e</b>, real bearing 110°, off by 20°]]></description><LineString><tessellate>1</tessellate><coordinates>100.86855,12.89615,0 100.86989,12.89568,0</coordinates></LineString></Placemark>
    <Placemark><name>jomtien_beach —n→ jomtien_beach_m</name><styleUrl>#ok</styleUrl><description><![CDATA[declared <b>n</b>, real bearing 317°, off by 43°]]></description><LineString><tessellate>1</tessellate><coordinates>100.86855,12.89615,0 100.86753,12.8972,0</coordinates></LineString></Placemark>
    <Placemark><name>jomtien_beach —s→ jomtien_soi_7_beach_end</name><styleUrl>#warn</styleUrl><description><![CDATA[declared <b>s</b>, real bearing 130°, off by 50°]]></description><LineString><tessellate>1</tessellate><coordinates>100.86855,12.89615,0 100.86949,12.89537,0</coordinates></LineString></Placemark>
    <Placemark><name>jomtien_beach_m —s→ jomtien_beach</name><styleUrl>#ok</styleUrl><description><![CDATA[declared <b>s</b>, real bearing 137°, off by 43°]]></description><LineString><tessellate>1</tessellate><coordinates>100.86753,12.8972,0 100.86855,12.89615,0</coordinates></LineString></Placemark>
    <Placemark><name>jomtien_beach_m —n→ dongtan_beach</name><styleUrl>#ok</styleUrl><description><![CDATA[declared <b>n</b>, real bearing 317°, off by 43°]]></description><LineString><tessellate>1</tessellate><coordinates>100.86753,12.8972,0 100.86651,12.89826,0</coordinates></LineString></Placemark>
    <Placemark><name>jomtien_beach_m —e→ jomtien_beach_rd</name><styleUrl>#ok</styleUrl><description><![CDATA[declared <b>e</b>, real bearing 91°, off by 1°]]></description><LineString><tessellate>1</tessellate><coordinates>100.86753,12.8972,0 100.86843,12.89719,0</coordinates></LineString></Placemark>
    <Placemark><name>jomtien_soi_7_beach_end —n→ jomtien_beach</name><styleUrl>#warn</styleUrl><description><![CDATA[declared <b>n</b>, real bearing 310°, off by 50°]]></description><LineString><tessellate>1</tessellate><coordinates>100.86949,12.89537,0 100.86855,12.89615,0</coordinates></LineString></Placemark>
    <Placemark><name>jomtien_soi_7_beach_end —e→ jomtien_soi_7_m</name><styleUrl>#ok</styleUrl><description><![CDATA[declared <b>e</b>, real bearing 53°, off by 37°]]></description><LineString><tessellate>1</tessellate><coordinates>100.86949,12.89537,0 100.87139,12.89679,0</coordinates></LineString></Placemark>
    <Placemark><name>dongtan_beach —s→ jomtien_beach_m</name><styleUrl>#ok</styleUrl><description><![CDATA[declared <b>s</b>, real bearing 137°, off by 43°]]></description><LineString><tessellate>1</tessellate><coordinates>100.86651,12.89826,0 100.86753,12.8972,0</coordinates></LineString></Placemark>
    <Placemark><name>dongtan_beach —e→ jomtien_beach_rd_n</name><styleUrl>#ok</styleUrl><description><![CDATA[declared <b>e</b>, real bearing 46°, off by 44°]]></description><LineString><tessellate>1</tessellate><coordinates>100.86651,12.89826,0 100.86698,12.8987,0</coordinates></LineString></Placemark>
    <Placemark><name>dongtan_beach —n→ dongtan_beach_s</name><styleUrl>#ok</styleUrl><description><![CDATA[declared <b>n</b>, real bearing 321°, off by 39°]]></description><LineString><tessellate>1</tessellate><coordinates>100.86651,12.89826,0 100.86339,12.90198,0</coordinates></LineString></Placemark>
    <Placemark><name>jomtien_beach_rd —w→ jomtien_beach_m</name><styleUrl>#ok</styleUrl><description><![CDATA[declared <b>w</b>, real bearing 271°, off by 1°]]></description><LineString><tessellate>1</tessellate><coordinates>100.86843,12.89719,0 100.86753,12.8972,0</coordinates></LineString></Placemark>
    <Placemark><name>jomtien_beach_rd —n→ jomtien_beach_rd_n</name><styleUrl>#ok</styleUrl><description><![CDATA[declared <b>n</b>, real bearing 317°, off by 43°]]></description><LineString><tessellate>1</tessellate><coordinates>100.86843,12.89719,0 100.86698,12.8987,0</coordinates></LineString></Placemark>
    <Placemark><name>jomtien_beach_rd —s→ jomtien_beach_rd_s</name><styleUrl>#ok</styleUrl><description><![CDATA[declared <b>s</b>, real bearing 137°, off by 43°]]></description><LineString><tessellate>1</tessellate><coordinates>100.86843,12.89719,0 100.86989,12.89568,0</coordinates></LineString></Placemark>
    <Placemark><name>jomtien_beach_rd_s —n→ jomtien_beach_rd</name><styleUrl>#ok</styleUrl><description><![CDATA[declared <b>n</b>, real bearing 317°, off by 43°]]></description><LineString><tessellate>1</tessellate><coordinates>100.86989,12.89568,0 100.86843,12.89719,0</coordinates></LineString></Placemark>
    <Placemark><name>jomtien_beach_rd_s —e→ jomtien_soi_7_w</name><styleUrl>#ok</styleUrl><description><![CDATA[declared <b>e</b>, real bearing 52°, off by 38°]]></description><LineString><tessellate>1</tessellate><coordinates>100.86989,12.89568,0 100.87025,12.89595,0</coordinates></LineString></Placemark>
    <Placemark><name>jomtien_beach_rd_s —w→ jomtien_beach</name><styleUrl>#ok</styleUrl><description><![CDATA[declared <b>w</b>, real bearing 290°, off by 20°]]></description><LineString><tessellate>1</tessellate><coordinates>100.86989,12.89568,0 100.86855,12.89615,0</coordinates></LineString></Placemark>
    <Placemark><name>jomtien_soi_7_w —w→ jomtien_beach_rd_s</name><styleUrl>#ok</styleUrl><description><![CDATA[declared <b>w</b>, real bearing 232°, off by 38°]]></description><LineString><tessellate>1</tessellate><coordinates>100.87025,12.89595,0 100.86989,12.89568,0</coordinates></LineString></Placemark>
    <Placemark><name>jomtien_soi_7_w —e→ jomtien_soi_7_m</name><styleUrl>#ok</styleUrl><description><![CDATA[declared <b>e</b>, real bearing 53°, off by 37°]]></description><LineString><tessellate>1</tessellate><coordinates>100.87025,12.89595,0 100.87139,12.89679,0</coordinates></LineString></Placemark>
    <Placemark><name>jomtien_soi_7_m —w→ jomtien_soi_7_w</name><styleUrl>#ok</styleUrl><description><![CDATA[declared <b>w</b>, real bearing 233°, off by 37°]]></description><LineString><tessellate>1</tessellate><coordinates>100.87139,12.89679,0 100.87025,12.89595,0</coordinates></LineString></Placemark>
    <Placemark><name>jomtien_soi_7_m —e→ jomtien_soi_7_e</name><styleUrl>#ok</styleUrl><description><![CDATA[declared <b>e</b>, real bearing 53°, off by 37°]]></description><LineString><tessellate>1</tessellate><coordinates>100.87139,12.89679,0 100.87254,12.89763,0</coordinates></LineString></Placemark>
    <Placemark><name>jomtien_soi_7_m —s→ jomtien_soi_7_beach_end</name><styleUrl>#warn</styleUrl><description><![CDATA[declared <b>s</b>, real bearing 233°, off by 53°]]></description><LineString><tessellate>1</tessellate><coordinates>100.87139,12.89679,0 100.86949,12.89537,0</coordinates></LineString></Placemark>
    <Placemark><name>jomtien_soi_7_e —w→ jomtien_soi_7_m</name><styleUrl>#ok</styleUrl><description><![CDATA[declared <b>w</b>, real bearing 233°, off by 37°]]></description><LineString><tessellate>1</tessellate><coordinates>100.87254,12.89763,0 100.87139,12.89679,0</coordinates></LineString></Placemark>
    <Placemark><name>jomtien_soi_7_e —e→ jomtien_2nd</name><styleUrl>#ok</styleUrl><description><![CDATA[declared <b>e</b>, real bearing 52°, off by 38°]]></description><LineString><tessellate>1</tessellate><coordinates>100.87254,12.89763,0 100.8729,12.8979,0</coordinates></LineString></Placemark>
    <Placemark><name>jomtien_2nd —w→ jomtien_soi_7_e</name><styleUrl>#ok</styleUrl><description><![CDATA[declared <b>w</b>, real bearing 232°, off by 38°]]></description><LineString><tessellate>1</tessellate><coordinates>100.8729,12.8979,0 100.87254,12.89763,0</coordinates></LineString></Placemark>
    <Placemark><name>jomtien_2nd —n→ jomtien_2nd_m</name><styleUrl>#ok</styleUrl><description><![CDATA[declared <b>n</b>, real bearing 316°, off by 44°]]></description><LineString><tessellate>1</tessellate><coordinates>100.8729,12.8979,0 100.87137,12.89943,0</coordinates></LineString></Placemark>
    <Placemark><name>jomtien_2nd_n —s→ jomtien_2nd_m</name><styleUrl>#ok</styleUrl><description><![CDATA[declared <b>s</b>, real bearing 136°, off by 44°]]></description><LineString><tessellate>1</tessellate><coordinates>100.87021,12.9006,0 100.87137,12.89943,0</coordinates></LineString></Placemark>
    <Placemark><name>jomtien_2nd_n —n→ thappraya_e</name><styleUrl>#ok</styleUrl><description><![CDATA[declared <b>n</b>, real bearing 317°, off by 43°]]></description><LineString><tessellate>1</tessellate><coordinates>100.87021,12.9006,0 100.86985,12.90097,0</coordinates></LineString></Placemark>
    <Placemark><name>jomtien_2nd_m —n→ jomtien_2nd_n</name><styleUrl>#ok</styleUrl><description><![CDATA[declared <b>n</b>, real bearing 316°, off by 44°]]></description><LineString><tessellate>1</tessellate><coordinates>100.87137,12.89943,0 100.87021,12.9006,0</coordinates></LineString></Placemark>
    <Placemark><name>jomtien_2nd_m —s→ jomtien_2nd</name><styleUrl>#ok</styleUrl><description><![CDATA[declared <b>s</b>, real bearing 136°, off by 44°]]></description><LineString><tessellate>1</tessellate><coordinates>100.87137,12.89943,0 100.8729,12.8979,0</coordinates></LineString></Placemark>
    <Placemark><name>thappraya_w —e→ thappraya_mid</name><styleUrl>#ok</styleUrl><description><![CDATA[declared <b>e</b>, real bearing 51°, off by 39°]]></description><LineString><tessellate>1</tessellate><coordinates>100.86732,12.89897,0 100.86841,12.89983,0</coordinates></LineString></Placemark>
    <Placemark><name>thappraya_w —w→ jomtien_beach_rd_n</name><styleUrl>#ok</styleUrl><description><![CDATA[declared <b>w</b>, real bearing 231°, off by 39°]]></description><LineString><tessellate>1</tessellate><coordinates>100.86732,12.89897,0 100.86698,12.8987,0</coordinates></LineString></Placemark>
    <Placemark><name>thappraya_mid —w→ thappraya_w</name><styleUrl>#ok</styleUrl><description><![CDATA[declared <b>w</b>, real bearing 231°, off by 39°]]></description><LineString><tessellate>1</tessellate><coordinates>100.86841,12.89983,0 100.86732,12.89897,0</coordinates></LineString></Placemark>
    <Placemark><name>thappraya_mid —e→ thappraya_e</name><styleUrl>#ok</styleUrl><description><![CDATA[declared <b>e</b>, real bearing 51°, off by 39°]]></description><LineString><tessellate>1</tessellate><coordinates>100.86841,12.89983,0 100.86985,12.90097,0</coordinates></LineString></Placemark>
    <Placemark><name>thappraya_mid —n→ supertown_alley</name><styleUrl>#warn</styleUrl><description><![CDATA[declared <b>n</b>, real bearing 315°, off by 45°]]></description><LineString><tessellate>1</tessellate><coordinates>100.86841,12.89983,0 100.8678,12.90042,0</coordinates></LineString></Placemark>
    <Placemark><name>thappraya_e —w→ thappraya_mid</name><styleUrl>#ok</styleUrl><description><![CDATA[declared <b>w</b>, real bearing 231°, off by 39°]]></description><LineString><tessellate>1</tessellate><coordinates>100.86985,12.90097,0 100.86841,12.89983,0</coordinates></LineString></Placemark>
    <Placemark><name>thappraya_e —e→ jomtien_2nd_n</name><styleUrl>#warn</styleUrl><description><![CDATA[declared <b>e</b>, real bearing 137°, off by 47°]]></description><LineString><tessellate>1</tessellate><coordinates>100.86985,12.90097,0 100.87021,12.9006,0</coordinates></LineString></Placemark>
    <Placemark><name>supertown_alley —s→ thappraya_mid</name><styleUrl>#warn</styleUrl><description><![CDATA[declared <b>s</b>, real bearing 135°, off by 45°]]></description><LineString><tessellate>1</tessellate><coordinates>100.8678,12.90042,0 100.86841,12.89983,0</coordinates></LineString></Placemark>
    <Placemark><name>supertown_alley —e→ supertown_elbow</name><styleUrl>#ok</styleUrl><description><![CDATA[declared <b>e</b>, real bearing 46°, off by 44°]]></description><LineString><tessellate>1</tessellate><coordinates>100.8678,12.90042,0 100.86819,12.90079,0</coordinates></LineString></Placemark>
    <Placemark><name>supertown_elbow —w→ supertown_alley</name><styleUrl>#ok</styleUrl><description><![CDATA[declared <b>w</b>, real bearing 226°, off by 44°]]></description><LineString><tessellate>1</tessellate><coordinates>100.86819,12.90079,0 100.8678,12.90042,0</coordinates></LineString></Placemark>
    <Placemark><name>supertown_elbow —n→ thappraya_ext_s</name><styleUrl>#ok</styleUrl><description><![CDATA[declared <b>n</b>, real bearing 16°, off by 16°]]></description><LineString><tessellate>1</tessellate><coordinates>100.86819,12.90079,0 100.86927,12.90458,0</coordinates></LineString></Placemark>
    <Placemark><name>jomtien_beach_rd_n —s→ jomtien_beach_rd</name><styleUrl>#ok</styleUrl><description><![CDATA[declared <b>s</b>, real bearing 137°, off by 43°]]></description><LineString><tessellate>1</tessellate><coordinates>100.86698,12.8987,0 100.86843,12.89719,0</coordinates></LineString></Placemark>
    <Placemark><name>jomtien_beach_rd_n —n→ dongtan_rd_s</name><styleUrl>#ok</styleUrl><description><![CDATA[declared <b>n</b>, real bearing 321°, off by 39°]]></description><LineString><tessellate>1</tessellate><coordinates>100.86698,12.8987,0 100.86389,12.90238,0</coordinates></LineString></Placemark>
    <Placemark><name>jomtien_beach_rd_n —e→ thappraya_w</name><styleUrl>#ok</styleUrl><description><![CDATA[declared <b>e</b>, real bearing 51°, off by 39°]]></description><LineString><tessellate>1</tessellate><coordinates>100.86698,12.8987,0 100.86732,12.89897,0</coordinates></LineString></Placemark>
    <Placemark><name>jomtien_beach_rd_n —w→ dongtan_beach</name><styleUrl>#ok</styleUrl><description><![CDATA[declared <b>w</b>, real bearing 226°, off by 44°]]></description><LineString><tessellate>1</tessellate><coordinates>100.86698,12.8987,0 100.86651,12.89826,0</coordinates></LineString></Placemark>
    <Placemark><name>pratumnak_rd —n→ ws_gate</name><styleUrl>#ok</styleUrl><description><![CDATA[declared <b>n</b>, real bearing 34°, off by 34°]]></description><LineString><tessellate>1</tessellate><coordinates>100.87007,12.92068,0 100.87469,12.92745,0</coordinates></LineString></Placemark>
    <Placemark><name>pratumnak_rd —w→ buddha_hill</name><styleUrl>#ok</styleUrl><description><![CDATA[declared <b>w</b>, real bearing 265°, off by 5°]]></description><LineString><tessellate>1</tessellate><coordinates>100.87007,12.92068,0 100.86677,12.9204,0</coordinates></LineString></Placemark>
    <Placemark><name>pratumnak_rd —e→ second_rd_s</name><styleUrl>#ok</styleUrl><description><![CDATA[declared <b>e</b>, real bearing 48°, off by 42°]]></description><LineString><tessellate>1</tessellate><coordinates>100.87007,12.92068,0 100.88084,12.92999,0</coordinates></LineString></Placemark>
    <Placemark><name>thappraya_ext_s —n→ thappraya_ext_m</name><styleUrl>#ok</styleUrl><description><![CDATA[declared <b>n</b>, real bearing 354°, off by 6°]]></description><LineString><tessellate>1</tessellate><coordinates>100.86927,12.90458,0 100.86893,12.90765,0</coordinates></LineString></Placemark>
    <Placemark><name>thappraya_ext_s —s→ supertown_elbow</name><styleUrl>#ok</styleUrl><description><![CDATA[declared <b>s</b>, real bearing 196°, off by 16°]]></description><LineString><tessellate>1</tessellate><coordinates>100.86927,12.90458,0 100.86819,12.90079,0</coordinates></LineString></Placemark>
    <Placemark><name>thappraya_ext_m —s→ thappraya_ext_s</name><styleUrl>#ok</styleUrl><description><![CDATA[declared <b>s</b>, real bearing 174°, off by 6°]]></description><LineString><tessellate>1</tessellate><coordinates>100.86893,12.90765,0 100.86927,12.90458,0</coordinates></LineString></Placemark>
    <Placemark><name>thappraya_ext_m —n→ thappraya_ext_n</name><styleUrl>#ok</styleUrl><description><![CDATA[declared <b>n</b>, real bearing 16°, off by 16°]]></description><LineString><tessellate>1</tessellate><coordinates>100.86893,12.90765,0 100.87064,12.91354,0</coordinates></LineString></Placemark>
    <Placemark><name>thappraya_ext_n —s→ thappraya_ext_m</name><styleUrl>#ok</styleUrl><description><![CDATA[declared <b>s</b>, real bearing 196°, off by 16°]]></description><LineString><tessellate>1</tessellate><coordinates>100.87064,12.91354,0 100.86893,12.90765,0</coordinates></LineString></Placemark>
    <Placemark><name>thappraya_ext_n —w→ pratumnak_hill_rd</name><styleUrl>#ok</styleUrl><description><![CDATA[declared <b>w</b>, real bearing 284°, off by 14°]]></description><LineString><tessellate>1</tessellate><coordinates>100.87064,12.91354,0 100.867,12.9144,0</coordinates></LineString></Placemark>
    <Placemark><name>pratumnak_hill_rd —e→ thappraya_ext_n</name><styleUrl>#ok</styleUrl><description><![CDATA[declared <b>e</b>, real bearing 104°, off by 14°]]></description><LineString><tessellate>1</tessellate><coordinates>100.867,12.9144,0 100.87064,12.91354,0</coordinates></LineString></Placemark>
    <Placemark><name>pratumnak_hill_rd —w→ dongtan_rd_n</name><styleUrl>#ok</styleUrl><description><![CDATA[declared <b>w</b>, real bearing 239°, off by 31°]]></description><LineString><tessellate>1</tessellate><coordinates>100.867,12.9144,0 100.85815,12.90923,0</coordinates></LineString></Placemark>
    <Placemark><name>pratumnak_hill_rd —n→ pratumnak_rd</name><styleUrl>#ok</styleUrl><description><![CDATA[declared <b>n</b>, real bearing 25°, off by 25°]]></description><LineString><tessellate>1</tessellate><coordinates>100.867,12.9144,0 100.87007,12.92068,0</coordinates></LineString></Placemark>
    <Placemark><name>dongtan_rd_n —s→ dongtan_rd_m</name><styleUrl>#ok</styleUrl><description><![CDATA[declared <b>s</b>, real bearing 141°, off by 39°]]></description><LineString><tessellate>1</tessellate><coordinates>100.85815,12.90923,0 100.86098,12.90586,0</coordinates></LineString></Placemark>
    <Placemark><name>dongtan_rd_n —e→ pratumnak_hill_rd</name><styleUrl>#ok</styleUrl><description><![CDATA[declared <b>e</b>, real bearing 59°, off by 31°]]></description><LineString><tessellate>1</tessellate><coordinates>100.85815,12.90923,0 100.867,12.9144,0</coordinates></LineString></Placemark>
    <Placemark><name>dongtan_rd_n —w→ dongtan_beach_n</name><styleUrl>#ok</styleUrl><description><![CDATA[declared <b>w</b>, real bearing 231°, off by 39°]]></description><LineString><tessellate>1</tessellate><coordinates>100.85815,12.90923,0 100.85765,12.90883,0</coordinates></LineString></Placemark>
    <Placemark><name>dongtan_beach_s —s→ dongtan_beach</name><styleUrl>#ok</styleUrl><description><![CDATA[declared <b>s</b>, real bearing 141°, off by 39°]]></description><LineString><tessellate>1</tessellate><coordinates>100.86339,12.90198,0 100.86651,12.89826,0</coordinates></LineString></Placemark>
    <Placemark><name>dongtan_beach_s —n→ dongtan_beach_m</name><styleUrl>#ok</styleUrl><description><![CDATA[declared <b>n</b>, real bearing 321°, off by 39°]]></description><LineString><tessellate>1</tessellate><coordinates>100.86339,12.90198,0 100.86048,12.90546,0</coordinates></LineString></Placemark>
    <Placemark><name>dongtan_beach_s —e→ dongtan_rd_s</name><styleUrl>#ok</styleUrl><description><![CDATA[declared <b>e</b>, real bearing 51°, off by 39°]]></description><LineString><tessellate>1</tessellate><coordinates>100.86339,12.90198,0 100.86389,12.90238,0</coordinates></LineString></Placemark>
    <Placemark><name>dongtan_beach_m —s→ dongtan_beach_s</name><styleUrl>#ok</styleUrl><description><![CDATA[declared <b>s</b>, real bearing 141°, off by 39°]]></description><LineString><tessellate>1</tessellate><coordinates>100.86048,12.90546,0 100.86339,12.90198,0</coordinates></LineString></Placemark>
    <Placemark><name>dongtan_beach_m —n→ dongtan_beach_n</name><styleUrl>#ok</styleUrl><description><![CDATA[declared <b>n</b>, real bearing 321°, off by 39°]]></description><LineString><tessellate>1</tessellate><coordinates>100.86048,12.90546,0 100.85765,12.90883,0</coordinates></LineString></Placemark>
    <Placemark><name>dongtan_beach_m —e→ dongtan_rd_m</name><styleUrl>#ok</styleUrl><description><![CDATA[declared <b>e</b>, real bearing 51°, off by 39°]]></description><LineString><tessellate>1</tessellate><coordinates>100.86048,12.90546,0 100.86098,12.90586,0</coordinates></LineString></Placemark>
    <Placemark><name>dongtan_beach_n —s→ dongtan_beach_m</name><styleUrl>#ok</styleUrl><description><![CDATA[declared <b>s</b>, real bearing 141°, off by 39°]]></description><LineString><tessellate>1</tessellate><coordinates>100.85765,12.90883,0 100.86048,12.90546,0</coordinates></LineString></Placemark>
    <Placemark><name>dongtan_beach_n —e→ dongtan_rd_n</name><styleUrl>#ok</styleUrl><description><![CDATA[declared <b>e</b>, real bearing 51°, off by 39°]]></description><LineString><tessellate>1</tessellate><coordinates>100.85765,12.90883,0 100.85815,12.90923,0</coordinates></LineString></Placemark>
    <Placemark><name>dongtan_rd_m —s→ dongtan_rd_s</name><styleUrl>#ok</styleUrl><description><![CDATA[declared <b>s</b>, real bearing 141°, off by 39°]]></description><LineString><tessellate>1</tessellate><coordinates>100.86098,12.90586,0 100.86389,12.90238,0</coordinates></LineString></Placemark>
    <Placemark><name>dongtan_rd_m —n→ dongtan_rd_n</name><styleUrl>#ok</styleUrl><description><![CDATA[declared <b>n</b>, real bearing 321°, off by 39°]]></description><LineString><tessellate>1</tessellate><coordinates>100.86098,12.90586,0 100.85815,12.90923,0</coordinates></LineString></Placemark>
    <Placemark><name>dongtan_rd_m —w→ dongtan_beach_m</name><styleUrl>#ok</styleUrl><description><![CDATA[declared <b>w</b>, real bearing 231°, off by 39°]]></description><LineString><tessellate>1</tessellate><coordinates>100.86098,12.90586,0 100.86048,12.90546,0</coordinates></LineString></Placemark>
    <Placemark><name>dongtan_rd_s —s→ jomtien_beach_rd_n</name><styleUrl>#ok</styleUrl><description><![CDATA[declared <b>s</b>, real bearing 141°, off by 39°]]></description><LineString><tessellate>1</tessellate><coordinates>100.86389,12.90238,0 100.86698,12.8987,0</coordinates></LineString></Placemark>
    <Placemark><name>dongtan_rd_s —n→ dongtan_rd_m</name><styleUrl>#ok</styleUrl><description><![CDATA[declared <b>n</b>, real bearing 321°, off by 39°]]></description><LineString><tessellate>1</tessellate><coordinates>100.86389,12.90238,0 100.86098,12.90586,0</coordinates></LineString></Placemark>
    <Placemark><name>dongtan_rd_s —w→ dongtan_beach_s</name><styleUrl>#ok</styleUrl><description><![CDATA[declared <b>w</b>, real bearing 231°, off by 39°]]></description><LineString><tessellate>1</tessellate><coordinates>100.86389,12.90238,0 100.86339,12.90198,0</coordinates></LineString></Placemark>
    <Placemark><name>buddha_hill —e→ pratumnak_rd</name><styleUrl>#ok</styleUrl><description><![CDATA[declared <b>e</b>, real bearing 85°, off by 5°]]></description><LineString><tessellate>1</tessellate><coordinates>100.86677,12.9204,0 100.87007,12.92068,0</coordinates></LineString></Placemark>
    <Placemark><name>beach_rd_s —s→ ws_gate</name><styleUrl>#warn</styleUrl><description><![CDATA[declared <b>s</b>, real bearing 229°, off by 49°]]></description><LineString><tessellate>1</tessellate><coordinates>100.87751,12.92983,0 100.87469,12.92745,0</coordinates></LineString></Placemark>
    <Placemark><name>beach_rd_s —n→ beach_rd_c</name><styleUrl>#ok</styleUrl><description><![CDATA[declared <b>n</b>, real bearing 40°, off by 40°]]></description><LineString><tessellate>1</tessellate><coordinates>100.87751,12.92983,0 100.88159,12.9345,0</coordinates></LineString></Placemark>
    <Placemark><name>beach_rd_s —e→ second_rd_s</name><styleUrl>#ok</styleUrl><description><![CDATA[declared <b>e</b>, real bearing 87°, off by 3°]]></description><LineString><tessellate>1</tessellate><coordinates>100.87751,12.92983,0 100.88084,12.92999,0</coordinates></LineString></Placemark>
    <Placemark><name>beach_rd_c —s→ beach_rd_s</name><styleUrl>#ok</styleUrl><description><![CDATA[declared <b>s</b>, real bearing 220°, off by 40°]]></description><LineString><tessellate>1</tessellate><coordinates>100.88159,12.9345,0 100.87751,12.92983,0</coordinates></LineString></Placemark>
    <Placemark><name>beach_rd_c —n→ beach_rd_n</name><styleUrl>#ok</styleUrl><description><![CDATA[declared <b>n</b>, real bearing 20°, off by 20°]]></description><LineString><tessellate>1</tessellate><coordinates>100.88159,12.9345,0 100.88475,12.94288,0</coordinates></LineString></Placemark>
    <Placemark><name>beach_rd_c —w→ promenade</name><styleUrl>#ok</styleUrl><description><![CDATA[declared <b>w</b>, real bearing 270°, off by 0°]]></description><LineString><tessellate>1</tessellate><coordinates>100.88159,12.9345,0 100.88117,12.9345,0</coordinates></LineString></Placemark>
    <Placemark><name>beach_rd_c —e→ central_mall</name><styleUrl>#ok</styleUrl><description><![CDATA[declared <b>e</b>, real bearing 93°, off by 3°]]></description><LineString><tessellate>1</tessellate><coordinates>100.88159,12.9345,0 100.88345,12.9344,0</coordinates></LineString></Placemark>
    <Placemark><name>promenade —e→ beach_rd_c</name><styleUrl>#ok</styleUrl><description><![CDATA[declared <b>e</b>, real bearing 90°, off by 0°]]></description><LineString><tessellate>1</tessellate><coordinates>100.88117,12.9345,0 100.88159,12.9345,0</coordinates></LineString></Placemark>
    <Placemark><name>beach_rd_n —s→ beach_rd_c</name><styleUrl>#ok</styleUrl><description><![CDATA[declared <b>s</b>, real bearing 200°, off by 20°]]></description><LineString><tessellate>1</tessellate><coordinates>100.88475,12.94288,0 100.88159,12.9345,0</coordinates></LineString></Placemark>
    <Placemark><name>beach_rd_n —e→ soi6_street</name><styleUrl>#ok</styleUrl><description><![CDATA[declared <b>e</b>, real bearing 109°, off by 19°]]></description><LineString><tessellate>1</tessellate><coordinates>100.88475,12.94288,0 100.88544,12.94265,0</coordinates></LineString></Placemark>
    <Placemark><name>beach_rd_n —n→ naklua_rd</name><styleUrl>#ok</styleUrl><description><![CDATA[declared <b>n</b>, real bearing 23°, off by 23°]]></description><LineString><tessellate>1</tessellate><coordinates>100.88475,12.94288,0 100.88926,12.95343,0</coordinates></LineString></Placemark>
    <Placemark><name>beach_rd_n —w→ north_beach</name><styleUrl>#ok</styleUrl><description><![CDATA[declared <b>w</b>, real bearing 290°, off by 20°]]></description><LineString><tessellate>1</tessellate><coordinates>100.88475,12.94288,0 100.88371,12.94324,0</coordinates></LineString></Placemark>
    <Placemark><name>north_beach —e→ beach_rd_n</name><styleUrl>#ok</styleUrl><description><![CDATA[declared <b>e</b>, real bearing 110°, off by 20°]]></description><LineString><tessellate>1</tessellate><coordinates>100.88371,12.94324,0 100.88475,12.94288,0</coordinates></LineString></Placemark>
    <Placemark><name>central_mall —w→ beach_rd_c</name><styleUrl>#ok</styleUrl><description><![CDATA[declared <b>w</b>, real bearing 273°, off by 3°]]></description><LineString><tessellate>1</tessellate><coordinates>100.88345,12.9344,0 100.88159,12.9345,0</coordinates></LineString></Placemark>
    <Placemark><name>central_mall —e→ second_rd_c</name><styleUrl>#ok</styleUrl><description><![CDATA[declared <b>e</b>, real bearing 93°, off by 3°]]></description><LineString><tessellate>1</tessellate><coordinates>100.88345,12.9344,0 100.88506,12.93431,0</coordinates></LineString></Placemark>
    <Placemark><name>central_mall —n→ police_station</name><styleUrl>#ok</styleUrl><description><![CDATA[declared <b>n</b>, real bearing 339°, off by 21°]]></description><LineString><tessellate>1</tessellate><coordinates>100.88345,12.9344,0 100.88282,12.93599,0</coordinates></LineString></Placemark>
    <Placemark><name>police_station —s→ central_mall</name><styleUrl>#ok</styleUrl><description><![CDATA[declared <b>s</b>, real bearing 159°, off by 21°]]></description><LineString><tessellate>1</tessellate><coordinates>100.88282,12.93599,0 100.88345,12.9344,0</coordinates></LineString></Placemark>
    <Placemark><name>police_station —n→ beach_rd_n</name><styleUrl>#ok</styleUrl><description><![CDATA[declared <b>n</b>, real bearing 15°, off by 15°]]></description><LineString><tessellate>1</tessellate><coordinates>100.88282,12.93599,0 100.88475,12.94288,0</coordinates></LineString></Placemark>
    <Placemark><name>second_rd_s —w→ beach_rd_s</name><styleUrl>#ok</styleUrl><description><![CDATA[declared <b>w</b>, real bearing 267°, off by 3°]]></description><LineString><tessellate>1</tessellate><coordinates>100.88084,12.92999,0 100.87751,12.92983,0</coordinates></LineString></Placemark>
    <Placemark><name>second_rd_s —e→ buakhao_s</name><styleUrl>#bad</styleUrl><description><![CDATA[declared <b>e</b>, real bearing 189°, off by 99°]]></description><LineString><tessellate>1</tessellate><coordinates>100.88084,12.92999,0 100.88002,12.9249,0</coordinates></LineString></Placemark>
    <Placemark><name>second_rd_s —n→ second_rd_diana</name><styleUrl>#warn</styleUrl><description><![CDATA[declared <b>n</b>, real bearing 48°, off by 48°]]></description><LineString><tessellate>1</tessellate><coordinates>100.88084,12.92999,0 100.88204,12.93104,0</coordinates></LineString></Placemark>
    <Placemark><name>second_rd_s —s→ pratumnak_rd</name><styleUrl>#warn</styleUrl><description><![CDATA[declared <b>s</b>, real bearing 228°, off by 48°]]></description><LineString><tessellate>1</tessellate><coordinates>100.88084,12.92999,0 100.87007,12.92068,0</coordinates></LineString></Placemark>
    <Placemark><name>second_rd_c —s→ second_rd_diana</name><styleUrl>#ok</styleUrl><description><![CDATA[declared <b>s</b>, real bearing 222°, off by 42°]]></description><LineString><tessellate>1</tessellate><coordinates>100.88506,12.93431,0 100.88204,12.93104,0</coordinates></LineString></Placemark>
    <Placemark><name>second_rd_c —n→ second_rd_n</name><styleUrl>#ok</styleUrl><description><![CDATA[declared <b>n</b>, real bearing 34°, off by 34°]]></description><LineString><tessellate>1</tessellate><coordinates>100.88506,12.93431,0 100.8858,12.93539,0</coordinates></LineString></Placemark>
    <Placemark><name>second_rd_c —w→ central_mall</name><styleUrl>#ok</styleUrl><description><![CDATA[declared <b>w</b>, real bearing 273°, off by 3°]]></description><LineString><tessellate>1</tessellate><coordinates>100.88506,12.93431,0 100.88345,12.9344,0</coordinates></LineString></Placemark>
    <Placemark><name>second_rd_diana —n→ second_rd_c</name><styleUrl>#ok</styleUrl><description><![CDATA[declared <b>n</b>, real bearing 42°, off by 42°]]></description><LineString><tessellate>1</tessellate><coordinates>100.88204,12.93104,0 100.88506,12.93431,0</coordinates></LineString></Placemark>
    <Placemark><name>second_rd_diana —s→ second_rd_s</name><styleUrl>#warn</styleUrl><description><![CDATA[declared <b>s</b>, real bearing 228°, off by 48°]]></description><LineString><tessellate>1</tessellate><coordinates>100.88204,12.93104,0 100.88084,12.92999,0</coordinates></LineString></Placemark>
    <Placemark><name>second_rd_diana —e→ diana_w</name><styleUrl>#ok</styleUrl><description><![CDATA[declared <b>e</b>, real bearing 129°, off by 39°]]></description><LineString><tessellate>1</tessellate><coordinates>100.88204,12.93104,0 100.88237,12.93078,0</coordinates></LineString></Placemark>
    <Placemark><name>second_rd_n —s→ second_rd_c</name><styleUrl>#ok</styleUrl><description><![CDATA[declared <b>s</b>, real bearing 214°, off by 34°]]></description><LineString><tessellate>1</tessellate><coordinates>100.8858,12.93539,0 100.88506,12.93431,0</coordinates></LineString></Placemark>
    <Placemark><name>second_rd_n —n→ pattaya_klang</name><styleUrl>#ok</styleUrl><description><![CDATA[declared <b>n</b>, real bearing 29°, off by 29°]]></description><LineString><tessellate>1</tessellate><coordinates>100.8858,12.93539,0 100.88651,12.93665,0</coordinates></LineString></Placemark>
    <Placemark><name>second_rd_n —w→ pattaya_soi_7</name><styleUrl>#warn</styleUrl><description><![CDATA[declared <b>w</b>, real bearing 325°, off by 55°]]></description><LineString><tessellate>1</tessellate><coordinates>100.8858,12.93539,0 100.885,12.9365,0</coordinates></LineString></Placemark>
    <Placemark><name>second_rd_n —e→ poseidon_soapy</name><styleUrl>#ok</styleUrl><description><![CDATA[declared <b>e</b>, real bearing 113°, off by 23°]]></description><LineString><tessellate>1</tessellate><coordinates>100.8858,12.93539,0 100.88606,12.93528,0</coordinates></LineString></Placemark>
    <Placemark><name>pattaya_klang —w→ beach_rd_c</name><styleUrl>#ok</styleUrl><description><![CDATA[declared <b>w</b>, real bearing 246°, off by 24°]]></description><LineString><tessellate>1</tessellate><coordinates>100.88651,12.93665,0 100.88159,12.9345,0</coordinates></LineString></Placemark>
    <Placemark><name>pattaya_klang —n→ second_rd_soi6</name><styleUrl>#ok</styleUrl><description><![CDATA[declared <b>n</b>, real bearing 14°, off by 14°]]></description><LineString><tessellate>1</tessellate><coordinates>100.88651,12.93665,0 100.88788,12.94182,0</coordinates></LineString></Placemark>
    <Placemark><name>pattaya_klang —s→ second_rd_n</name><styleUrl>#ok</styleUrl><description><![CDATA[declared <b>s</b>, real bearing 209°, off by 29°]]></description><LineString><tessellate>1</tessellate><coordinates>100.88651,12.93665,0 100.8858,12.93539,0</coordinates></LineString></Placemark>
    <Placemark><name>pattaya_klang —e→ buakhao_klang</name><styleUrl>#ok</styleUrl><description><![CDATA[declared <b>e</b>, real bearing 110°, off by 20°]]></description><LineString><tessellate>1</tessellate><coordinates>100.88651,12.93665,0 100.88854,12.93594,0</coordinates></LineString></Placemark>
    <Placemark><name>second_rd_soi6 —w→ soi6_deep</name><styleUrl>#ok</styleUrl><description><![CDATA[declared <b>w</b>, real bearing 289°, off by 19°]]></description><LineString><tessellate>1</tessellate><coordinates>100.88788,12.94182,0 100.88741,12.94198,0</coordinates></LineString></Placemark>
    <Placemark><name>second_rd_soi6 —s→ pattaya_klang</name><styleUrl>#ok</styleUrl><description><![CDATA[declared <b>s</b>, real bearing 194°, off by 14°]]></description><LineString><tessellate>1</tessellate><coordinates>100.88788,12.94182,0 100.88651,12.93665,0</coordinates></LineString></Placemark>
    <Placemark><name>pattaya_soi_7 —w→ beach_rd_c</name><styleUrl>#ok</styleUrl><description><![CDATA[declared <b>w</b>, real bearing 239°, off by 31°]]></description><LineString><tessellate>1</tessellate><coordinates>100.885,12.9365,0 100.88159,12.9345,0</coordinates></LineString></Placemark>
    <Placemark><name>pattaya_soi_7 —e→ second_rd_n</name><styleUrl>#warn</styleUrl><description><![CDATA[declared <b>e</b>, real bearing 145°, off by 55°]]></description><LineString><tessellate>1</tessellate><coordinates>100.885,12.9365,0 100.8858,12.93539,0</coordinates></LineString></Placemark>
    <Placemark><name>myth_night —w→ second_rd_diana</name><styleUrl>#ok</styleUrl><description><![CDATA[declared <b>w</b>, real bearing 238°, off by 32°]]></description><LineString><tessellate>1</tessellate><coordinates>100.88479,12.93274,0 100.88204,12.93104,0</coordinates></LineString></Placemark>
    <Placemark><name>myth_night —e→ buakhao_myth</name><styleUrl>#ok</styleUrl><description><![CDATA[declared <b>e</b>, real bearing 109°, off by 19°]]></description><LineString><tessellate>1</tessellate><coordinates>100.88479,12.93274,0 100.88678,12.93208,0</coordinates></LineString></Placemark>
    <Placemark><name>myth_night —n→ myth_stage</name><styleUrl>#ok</styleUrl><description><![CDATA[declared <b>n</b>, real bearing 8°, off by 8°]]></description><LineString><tessellate>1</tessellate><coordinates>100.88479,12.93274,0 100.88483,12.93301,0</coordinates></LineString></Placemark>
    <Placemark><name>myth_night —s→ myth_rows</name><styleUrl>#ok</styleUrl><description><![CDATA[declared <b>s</b>, real bearing 188°, off by 8°]]></description><LineString><tessellate>1</tessellate><coordinates>100.88479,12.93274,0 100.88475,12.93247,0</coordinates></LineString></Placemark>
    <Placemark><name>myth_stage —s→ myth_night</name><styleUrl>#ok</styleUrl><description><![CDATA[declared <b>s</b>, real bearing 188°, off by 8°]]></description><LineString><tessellate>1</tessellate><coordinates>100.88483,12.93301,0 100.88479,12.93274,0</coordinates></LineString></Placemark>
    <Placemark><name>myth_stage —e→ feedback_bar</name><styleUrl>#ok</styleUrl><description><![CDATA[declared <b>e</b>, real bearing 73°, off by 17°]]></description><LineString><tessellate>1</tessellate><coordinates>100.88483,12.93301,0 100.88503,12.93307,0</coordinates></LineString></Placemark>
    <Placemark><name>myth_stage —w→ encore_bar</name><styleUrl>#ok</styleUrl><description><![CDATA[declared <b>w</b>, real bearing 230°, off by 40°]]></description><LineString><tessellate>1</tessellate><coordinates>100.88483,12.93301,0 100.88472,12.93292,0</coordinates></LineString></Placemark>
    <Placemark><name>myth_stage —n→ soundcheck_bar</name><styleUrl>#ok</styleUrl><description><![CDATA[declared <b>n</b>, real bearing 19°, off by 19°]]></description><LineString><tessellate>1</tessellate><coordinates>100.88483,12.93301,0 100.8849,12.93321,0</coordinates></LineString></Placemark>
    <Placemark><name>myth_rows —n→ myth_night</name><styleUrl>#ok</styleUrl><description><![CDATA[declared <b>n</b>, real bearing 8°, off by 8°]]></description><LineString><tessellate>1</tessellate><coordinates>100.88475,12.93247,0 100.88479,12.93274,0</coordinates></LineString></Placemark>
    <Placemark><name>myth_rows —e→ the_growler</name><styleUrl>#ok</styleUrl><description><![CDATA[declared <b>e</b>, real bearing 82°, off by 8°]]></description><LineString><tessellate>1</tessellate><coordinates>100.88475,12.93247,0 100.8849,12.93249,0</coordinates></LineString></Placemark>
    <Placemark><name>myth_rows —w→ container_8</name><styleUrl>#warn</styleUrl><description><![CDATA[declared <b>w</b>, real bearing 222°, off by 48°]]></description><LineString><tessellate>1</tessellate><coordinates>100.88475,12.93247,0 100.88463,12.93234,0</coordinates></LineString></Placemark>
    <Placemark><name>myth_rows —s→ reload_bar</name><styleUrl>#ok</styleUrl><description><![CDATA[declared <b>s</b>, real bearing 159°, off by 21°]]></description><LineString><tessellate>1</tessellate><coordinates>100.88475,12.93247,0 100.88483,12.93227,0</coordinates></LineString></Placemark>
    <Placemark><name>ws_gate —s→ ws_north</name><styleUrl>#warn</styleUrl><description><![CDATA[declared <b>s</b>, real bearing 237°, off by 57°]]></description><LineString><tessellate>1</tessellate><coordinates>100.87469,12.92745,0 100.87269,12.92616,0</coordinates></LineString></Placemark>
    <Placemark><name>ws_gate —n→ beach_rd_s</name><styleUrl>#warn</styleUrl><description><![CDATA[declared <b>n</b>, real bearing 49°, off by 49°]]></description><LineString><tessellate>1</tessellate><coordinates>100.87469,12.92745,0 100.87751,12.92983,0</coordinates></LineString></Placemark>
    <Placemark><name>ws_gate —w→ pratumnak_rd</name><styleUrl>#warn</styleUrl><description><![CDATA[declared <b>w</b>, real bearing 214°, off by 56°]]></description><LineString><tessellate>1</tessellate><coordinates>100.87469,12.92745,0 100.87007,12.92068,0</coordinates></LineString></Placemark>
    <Placemark><name>ws_gate —e→ thai_massage</name><styleUrl>#ok</styleUrl><description><![CDATA[declared <b>e</b>, real bearing 118°, off by 28°]]></description><LineString><tessellate>1</tessellate><coordinates>100.87469,12.92745,0 100.87496,12.92731,0</coordinates></LineString></Placemark>
    <Placemark><name>ws_north —n→ ws_gate</name><styleUrl>#warn</styleUrl><description><![CDATA[declared <b>n</b>, real bearing 57°, off by 57°]]></description><LineString><tessellate>1</tessellate><coordinates>100.87269,12.92616,0 100.87469,12.92745,0</coordinates></LineString></Placemark>
    <Placemark><name>ws_north —s→ ws_south</name><styleUrl>#bad</styleUrl><description><![CDATA[declared <b>s</b>, real bearing 246°, off by 66°]]></description><LineString><tessellate>1</tessellate><coordinates>100.87269,12.92616,0 100.87018,12.92508,0</coordinates></LineString></Placemark>
    <Placemark><name>ws_north —w→ neon_paradise</name><styleUrl>#ok</styleUrl><description><![CDATA[declared <b>w</b>, real bearing 270°, off by 0°]]></description><LineString><tessellate>1</tessellate><coordinates>100.87269,12.92616,0 100.87243,12.92616,0</coordinates></LineString></Placemark>
    <Placemark><name>ws_north —e→ club_mirage</name><styleUrl>#ok</styleUrl><description><![CDATA[declared <b>e</b>, real bearing 90°, off by 0°]]></description><LineString><tessellate>1</tessellate><coordinates>100.87269,12.92616,0 100.87294,12.92616,0</coordinates></LineString></Placemark>
    <Placemark><name>ws_alley —e→ ws_north</name><styleUrl>#bad</styleUrl><description><![CDATA[declared <b>e</b>, real bearing 155°, off by 65°]]></description><LineString><tessellate>1</tessellate><coordinates>100.87255,12.92645,0 100.87269,12.92616,0</coordinates></LineString></Placemark>
    <Placemark><name>ws_south —n→ ws_north</name><styleUrl>#bad</styleUrl><description><![CDATA[declared <b>n</b>, real bearing 66°, off by 66°]]></description><LineString><tessellate>1</tessellate><coordinates>100.87018,12.92508,0 100.87269,12.92616,0</coordinates></LineString></Placemark>
    <Placemark><name>ws_south —w→ crystal_palace</name><styleUrl>#ok</styleUrl><description><![CDATA[declared <b>w</b>, real bearing 270°, off by 0°]]></description><LineString><tessellate>1</tessellate><coordinates>100.87018,12.92508,0 100.86992,12.92508,0</coordinates></LineString></Placemark>
    <Placemark><name>ws_south —e→ paradise_nights</name><styleUrl>#ok</styleUrl><description><![CDATA[declared <b>e</b>, real bearing 90°, off by 0°]]></description><LineString><tessellate>1</tessellate><coordinates>100.87018,12.92508,0 100.87044,12.92508,0</coordinates></LineString></Placemark>
    <Placemark><name>ws_south —s→ midnight_sun</name><styleUrl>#ok</styleUrl><description><![CDATA[declared <b>s</b>, real bearing 216°, off by 36°]]></description><LineString><tessellate>1</tessellate><coordinates>100.87018,12.92508,0 100.86987,12.92467,0</coordinates></LineString></Placemark>
    <Placemark><name>bali_hai —n→ ws_south</name><styleUrl>#bad</styleUrl><description><![CDATA[declared <b>n</b>, real bearing 73°, off by 73°]]></description><LineString><tessellate>1</tessellate><coordinates>100.86855,12.9246,0 100.87018,12.92508,0</coordinates></LineString></Placemark>
    <Placemark><name>soi_diamond —w→ ws_north</name><styleUrl>#ok</styleUrl><description><![CDATA[declared <b>w</b>, real bearing 275°, off by 5°]]></description><LineString><tessellate>1</tessellate><coordinates>100.87379,12.92606,0 100.87269,12.92616,0</coordinates></LineString></Placemark>
    <Placemark><name>buakhao_klang —w→ pattaya_klang</name><styleUrl>#ok</styleUrl><description><![CDATA[declared <b>w</b>, real bearing 290°, off by 20°]]></description><LineString><tessellate>1</tessellate><coordinates>100.88854,12.93594,0 100.88651,12.93665,0</coordinates></LineString></Placemark>
    <Placemark><name>buakhao_klang —s→ buakhao_myth</name><styleUrl>#ok</styleUrl><description><![CDATA[declared <b>s</b>, real bearing 204°, off by 24°]]></description><LineString><tessellate>1</tessellate><coordinates>100.88854,12.93594,0 100.88678,12.93208,0</coordinates></LineString></Placemark>
    <Placemark><name>buakhao_myth —n→ buakhao_klang</name><styleUrl>#ok</styleUrl><description><![CDATA[declared <b>n</b>, real bearing 24°, off by 24°]]></description><LineString><tessellate>1</tessellate><coordinates>100.88678,12.93208,0 100.88854,12.93594,0</coordinates></LineString></Placemark>
    <Placemark><name>buakhao_myth —s→ buakhao_tt</name><styleUrl>#ok</styleUrl><description><![CDATA[declared <b>s</b>, real bearing 207°, off by 27°]]></description><LineString><tessellate>1</tessellate><coordinates>100.88678,12.93208,0 100.88646,12.93146,0</coordinates></LineString></Placemark>
    <Placemark><name>buakhao_myth —w→ myth_night</name><styleUrl>#ok</styleUrl><description><![CDATA[declared <b>w</b>, real bearing 289°, off by 19°]]></description><LineString><tessellate>1</tessellate><coordinates>100.88678,12.93208,0 100.88479,12.93274,0</coordinates></LineString></Placemark>
    <Placemark><name>buakhao_tt —n→ buakhao_myth</name><styleUrl>#ok</styleUrl><description><![CDATA[declared <b>n</b>, real bearing 27°, off by 27°]]></description><LineString><tessellate>1</tessellate><coordinates>100.88646,12.93146,0 100.88678,12.93208,0</coordinates></LineString></Placemark>
    <Placemark><name>buakhao_tt —s→ buakhao_n</name><styleUrl>#ok</styleUrl><description><![CDATA[declared <b>s</b>, real bearing 211°, off by 31°]]></description><LineString><tessellate>1</tessellate><coordinates>100.88646,12.93146,0 100.8848,12.92881,0</coordinates></LineString></Placemark>
    <Placemark><name>buakhao_tt —w→ tt_entrance</name><styleUrl>#ok</styleUrl><description><![CDATA[declared <b>w</b>, real bearing 278°, off by 8°]]></description><LineString><tessellate>1</tessellate><coordinates>100.88646,12.93146,0 100.88618,12.9315,0</coordinates></LineString></Placemark>
    <Placemark><name>buakhao_n —n→ buakhao_tt</name><styleUrl>#ok</styleUrl><description><![CDATA[declared <b>n</b>, real bearing 31°, off by 31°]]></description><LineString><tessellate>1</tessellate><coordinates>100.8848,12.92881,0 100.88646,12.93146,0</coordinates></LineString></Placemark>
    <Placemark><name>buakhao_n —s→ buakhao_market</name><styleUrl>#ok</styleUrl><description><![CDATA[declared <b>s</b>, real bearing 223°, off by 43°]]></description><LineString><tessellate>1</tessellate><coordinates>100.8848,12.92881,0 100.883,12.92691,0</coordinates></LineString></Placemark>
    <Placemark><name>buakhao_n —e→ lucky_tiger</name><styleUrl>#ok</styleUrl><description><![CDATA[declared <b>e</b>, real bearing 52°, off by 38°]]></description><LineString><tessellate>1</tessellate><coordinates>100.8848,12.92881,0 100.88506,12.92901,0</coordinates></LineString></Placemark>
    <Placemark><name>buakhao_market —n→ buakhao_n</name><styleUrl>#ok</styleUrl><description><![CDATA[declared <b>n</b>, real bearing 43°, off by 43°]]></description><LineString><tessellate>1</tessellate><coordinates>100.883,12.92691,0 100.8848,12.92881,0</coordinates></LineString></Placemark>
    <Placemark><name>buakhao_market —s→ buakhao_s</name><styleUrl>#warn</styleUrl><description><![CDATA[declared <b>s</b>, real bearing 235°, off by 55°]]></description><LineString><tessellate>1</tessellate><coordinates>100.883,12.92691,0 100.88002,12.9249,0</coordinates></LineString></Placemark>
    <Placemark><name>buakhao_market —e→ silk_rose</name><styleUrl>#ok</styleUrl><description><![CDATA[declared <b>e</b>, real bearing 86°, off by 4°]]></description><LineString><tessellate>1</tessellate><coordinates>100.883,12.92691,0 100.88327,12.92693,0</coordinates></LineString></Placemark>
    <Placemark><name>buakhao_s —n→ buakhao_market</name><styleUrl>#warn</styleUrl><description><![CDATA[declared <b>n</b>, real bearing 55°, off by 55°]]></description><LineString><tessellate>1</tessellate><coordinates>100.88002,12.9249,0 100.883,12.92691,0</coordinates></LineString></Placemark>
    <Placemark><name>buakhao_s —w→ second_rd_s</name><styleUrl>#bad</styleUrl><description><![CDATA[declared <b>w</b>, real bearing 9°, off by 99°]]></description><LineString><tessellate>1</tessellate><coordinates>100.88002,12.9249,0 100.88084,12.92999,0</coordinates></LineString></Placemark>
    <Placemark><name>buakhao_s —s→ jasmine_garden</name><styleUrl>#warn</styleUrl><description><![CDATA[declared <b>s</b>, real bearing 228°, off by 48°]]></description><LineString><tessellate>1</tessellate><coordinates>100.88002,12.9249,0 100.87915,12.92414,0</coordinates></LineString></Placemark>
    <Placemark><name>tt_entrance —e→ buakhao_tt</name><styleUrl>#ok</styleUrl><description><![CDATA[declared <b>e</b>, real bearing 98°, off by 8°]]></description><LineString><tessellate>1</tessellate><coordinates>100.88618,12.9315,0 100.88646,12.93146,0</coordinates></LineString></Placemark>
    <Placemark><name>tt_entrance —w→ tt_lane_1</name><styleUrl>#ok</styleUrl><description><![CDATA[declared <b>w</b>, real bearing 266°, off by 4°]]></description><LineString><tessellate>1</tessellate><coordinates>100.88618,12.9315,0 100.88588,12.93148,0</coordinates></LineString></Placemark>
    <Placemark><name>tt_lane_1 —e→ tt_entrance</name><styleUrl>#ok</styleUrl><description><![CDATA[declared <b>e</b>, real bearing 86°, off by 4°]]></description><LineString><tessellate>1</tessellate><coordinates>100.88588,12.93148,0 100.88618,12.9315,0</coordinates></LineString></Placemark>
    <Placemark><name>tt_lane_1 —n→ gold_rush</name><styleUrl>#ok</styleUrl><description><![CDATA[declared <b>n</b>, real bearing 6°, off by 6°]]></description><LineString><tessellate>1</tessellate><coordinates>100.88588,12.93148,0 100.8859,12.93168,0</coordinates></LineString></Placemark>
    <Placemark><name>tt_lane_1 —w→ tt_lane_2</name><styleUrl>#ok</styleUrl><description><![CDATA[declared <b>w</b>, real bearing 266°, off by 4°]]></description><LineString><tessellate>1</tessellate><coordinates>100.88588,12.93148,0 100.88558,12.93146,0</coordinates></LineString></Placemark>
    <Placemark><name>tt_lane_1 —s→ tt_back</name><styleUrl>#bad</styleUrl><description><![CDATA[declared <b>s</b>, real bearing 249°, off by 69°]]></description><LineString><tessellate>1</tessellate><coordinates>100.88588,12.93148,0 100.88535,12.93128,0</coordinates></LineString></Placemark>
    <Placemark><name>tt_lane_2 —e→ tt_lane_1</name><styleUrl>#ok</styleUrl><description><![CDATA[declared <b>e</b>, real bearing 86°, off by 4°]]></description><LineString><tessellate>1</tessellate><coordinates>100.88558,12.93146,0 100.88588,12.93148,0</coordinates></LineString></Placemark>
    <Placemark><name>tt_lane_2 —n→ starlight_bar</name><styleUrl>#ok</styleUrl><description><![CDATA[declared <b>n</b>, real bearing 6°, off by 6°]]></description><LineString><tessellate>1</tessellate><coordinates>100.88558,12.93146,0 100.8856,12.93166,0</coordinates></LineString></Placemark>
    <Placemark><name>tt_lane_2 —w→ tt_deep</name><styleUrl>#ok</styleUrl><description><![CDATA[declared <b>w</b>, real bearing 240°, off by 30°]]></description><LineString><tessellate>1</tessellate><coordinates>100.88558,12.93146,0 100.88508,12.93118,0</coordinates></LineString></Placemark>
    <Placemark><name>tt_lane_2 —s→ tt_back</name><styleUrl>#warn</styleUrl><description><![CDATA[declared <b>s</b>, real bearing 231°, off by 51°]]></description><LineString><tessellate>1</tessellate><coordinates>100.88558,12.93146,0 100.88535,12.93128,0</coordinates></LineString></Placemark>
    <Placemark><name>tt_back —n→ tt_lane_1</name><styleUrl>#bad</styleUrl><description><![CDATA[declared <b>n</b>, real bearing 69°, off by 69°]]></description><LineString><tessellate>1</tessellate><coordinates>100.88535,12.93128,0 100.88588,12.93148,0</coordinates></LineString></Placemark>
    <Placemark><name>tt_back —e→ tt_lane_2</name><styleUrl>#ok</styleUrl><description><![CDATA[declared <b>e</b>, real bearing 51°, off by 39°]]></description><LineString><tessellate>1</tessellate><coordinates>100.88535,12.93128,0 100.88558,12.93146,0</coordinates></LineString></Placemark>
    <Placemark><name>tt_back —w→ tt_deep</name><styleUrl>#ok</styleUrl><description><![CDATA[declared <b>w</b>, real bearing 249°, off by 21°]]></description><LineString><tessellate>1</tessellate><coordinates>100.88535,12.93128,0 100.88508,12.93118,0</coordinates></LineString></Placemark>
    <Placemark><name>tt_back —s→ tt_lane_3</name><styleUrl>#ok</styleUrl><description><![CDATA[declared <b>s</b>, real bearing 177°, off by 3°]]></description><LineString><tessellate>1</tessellate><coordinates>100.88535,12.93128,0 100.88536,12.93106,0</coordinates></LineString></Placemark>
    <Placemark><name>tt_lane_3 —n→ tt_back</name><styleUrl>#ok</styleUrl><description><![CDATA[declared <b>n</b>, real bearing 357°, off by 3°]]></description><LineString><tessellate>1</tessellate><coordinates>100.88536,12.93106,0 100.88535,12.93128,0</coordinates></LineString></Placemark>
    <Placemark><name>tt_lane_3 —w→ lucky_charm</name><styleUrl>#ok</styleUrl><description><![CDATA[declared <b>w</b>, real bearing 264°, off by 6°]]></description><LineString><tessellate>1</tessellate><coordinates>100.88536,12.93106,0 100.88516,12.93104,0</coordinates></LineString></Placemark>
    <Placemark><name>tt_lane_3 —e→ moonshine_bar</name><styleUrl>#ok</styleUrl><description><![CDATA[declared <b>e</b>, real bearing 110°, off by 20°]]></description><LineString><tessellate>1</tessellate><coordinates>100.88536,12.93106,0 100.88558,12.93098,0</coordinates></LineString></Placemark>
    <Placemark><name>tt_deep —e→ tt_lane_2</name><styleUrl>#ok</styleUrl><description><![CDATA[declared <b>e</b>, real bearing 60°, off by 30°]]></description><LineString><tessellate>1</tessellate><coordinates>100.88508,12.93118,0 100.88558,12.93146,0</coordinates></LineString></Placemark>
    <Placemark><name>tt_deep —n→ tt_back</name><styleUrl>#bad</styleUrl><description><![CDATA[declared <b>n</b>, real bearing 69°, off by 69°]]></description><LineString><tessellate>1</tessellate><coordinates>100.88508,12.93118,0 100.88535,12.93128,0</coordinates></LineString></Placemark>
    <Placemark><name>tt_deep —w→ rainbow_girls</name><styleUrl>#ok</styleUrl><description><![CDATA[declared <b>w</b>, real bearing 261°, off by 9°]]></description><LineString><tessellate>1</tessellate><coordinates>100.88508,12.93118,0 100.88482,12.93114,0</coordinates></LineString></Placemark>
    <Placemark><name>soi6_street —w→ beach_rd_n</name><styleUrl>#ok</styleUrl><description><![CDATA[declared <b>w</b>, real bearing 289°, off by 19°]]></description><LineString><tessellate>1</tessellate><coordinates>100.88544,12.94265,0 100.88475,12.94288,0</coordinates></LineString></Placemark>
    <Placemark><name>soi6_street —e→ soi6_mid</name><styleUrl>#ok</styleUrl><description><![CDATA[declared <b>e</b>, real bearing 109°, off by 19°]]></description><LineString><tessellate>1</tessellate><coordinates>100.88544,12.94265,0 100.88647,12.9423,0</coordinates></LineString></Placemark>
    <Placemark><name>soi6_mid —w→ soi6_street</name><styleUrl>#ok</styleUrl><description><![CDATA[declared <b>w</b>, real bearing 289°, off by 19°]]></description><LineString><tessellate>1</tessellate><coordinates>100.88647,12.9423,0 100.88544,12.94265,0</coordinates></LineString></Placemark>
    <Placemark><name>soi6_mid —e→ soi6_deep</name><styleUrl>#ok</styleUrl><description><![CDATA[declared <b>e</b>, real bearing 109°, off by 19°]]></description><LineString><tessellate>1</tessellate><coordinates>100.88647,12.9423,0 100.88741,12.94198,0</coordinates></LineString></Placemark>
    <Placemark><name>soi6_deep —w→ soi6_mid</name><styleUrl>#ok</styleUrl><description><![CDATA[declared <b>w</b>, real bearing 289°, off by 19°]]></description><LineString><tessellate>1</tessellate><coordinates>100.88741,12.94198,0 100.88647,12.9423,0</coordinates></LineString></Placemark>
    <Placemark><name>soi6_deep —e→ second_rd_soi6</name><styleUrl>#ok</styleUrl><description><![CDATA[declared <b>e</b>, real bearing 109°, off by 19°]]></description><LineString><tessellate>1</tessellate><coordinates>100.88741,12.94198,0 100.88788,12.94182,0</coordinates></LineString></Placemark>
    <Placemark><name>lk_entrance —e→ lk_main</name><styleUrl>#ok</styleUrl><description><![CDATA[declared <b>e</b>, real bearing 70°, off by 20°]]></description><LineString><tessellate>1</tessellate><coordinates>100.8841,12.9294,0 100.88464,12.92959,0</coordinates></LineString></Placemark>
    <Placemark><name>lk_main —w→ lk_entrance</name><styleUrl>#ok</styleUrl><description><![CDATA[declared <b>w</b>, real bearing 250°, off by 20°]]></description><LineString><tessellate>1</tessellate><coordinates>100.88464,12.92959,0 100.8841,12.9294,0</coordinates></LineString></Placemark>
    <Placemark><name>lk_main —n→ kinky</name><styleUrl>#ok</styleUrl><description><![CDATA[declared <b>n</b>, real bearing 341°, off by 19°]]></description><LineString><tessellate>1</tessellate><coordinates>100.88464,12.92959,0 100.88457,12.92979,0</coordinates></LineString></Placemark>
    <Placemark><name>lk_main —s→ slutty</name><styleUrl>#ok</styleUrl><description><![CDATA[declared <b>s</b>, real bearing 171°, off by 9°]]></description><LineString><tessellate>1</tessellate><coordinates>100.88464,12.92959,0 100.88468,12.92934,0</coordinates></LineString></Placemark>
    <Placemark><name>lk_main —e→ lk_bend</name><styleUrl>#ok</styleUrl><description><![CDATA[declared <b>e</b>, real bearing 99°, off by 9°]]></description><LineString><tessellate>1</tessellate><coordinates>100.88464,12.92959,0 100.88507,12.92952,0</coordinates></LineString></Placemark>
    <Placemark><name>lk_bend —w→ lk_main</name><styleUrl>#ok</styleUrl><description><![CDATA[declared <b>w</b>, real bearing 279°, off by 9°]]></description><LineString><tessellate>1</tessellate><coordinates>100.88507,12.92952,0 100.88464,12.92959,0</coordinates></LineString></Placemark>
    <Placemark><name>lk_bend —s→ las_vegas</name><styleUrl>#ok</styleUrl><description><![CDATA[declared <b>s</b>, real bearing 145°, off by 35°]]></description><LineString><tessellate>1</tessellate><coordinates>100.88507,12.92952,0 100.88523,12.9293,0</coordinates></LineString></Placemark>
    <Placemark><name>lk_bend —n→ metro_garden</name><styleUrl>#ok</styleUrl><description><![CDATA[declared <b>n</b>, real bearing 12°, off by 12°]]></description><LineString><tessellate>1</tessellate><coordinates>100.88507,12.92952,0 100.88512,12.92974,0</coordinates></LineString></Placemark>
    <Placemark><name>lk_bend —e→ pit_stop</name><styleUrl>#ok</styleUrl><description><![CDATA[declared <b>e</b>, real bearing 57°, off by 33°]]></description><LineString><tessellate>1</tessellate><coordinates>100.88507,12.92952,0 100.88531,12.92967,0</coordinates></LineString></Placemark>
    <Placemark><name>sukhumvit_crossing —e→ khao_talo_strip</name><styleUrl>#ok</styleUrl><description><![CDATA[declared <b>e</b>, real bearing 102°, off by 12°]]></description><LineString><tessellate>1</tessellate><coordinates>100.8962,12.91004,0 100.90693,12.90782,0</coordinates></LineString></Placemark>
    <Placemark><name>khao_talo —w→ khao_talo_strip</name><styleUrl>#ok</styleUrl><description><![CDATA[declared <b>w</b>, real bearing 271°, off by 1°]]></description><LineString><tessellate>1</tessellate><coordinates>100.90975,12.90779,0 100.90693,12.90782,0</coordinates></LineString></Placemark>
    <Placemark><name>khao_talo —n→ lake_mabprachan</name><styleUrl>#bad</styleUrl><description><![CDATA[declared <b>n</b>, real bearing 66°, off by 66°]]></description><LineString><tessellate>1</tessellate><coordinates>100.90975,12.90779,0 100.96684,12.93306,0</coordinates></LineString></Placemark>
    <Placemark><name>khao_talo —e→ khao_talo_bar</name><styleUrl>#ok</styleUrl><description><![CDATA[declared <b>e</b>, real bearing 47°, off by 43°]]></description><LineString><tessellate>1</tessellate><coordinates>100.90975,12.90779,0 100.90995,12.90797,0</coordinates></LineString></Placemark>
    <Placemark><name>khao_talo —s→ mama_yai</name><styleUrl>#ok</styleUrl><description><![CDATA[declared <b>s</b>, real bearing 220°, off by 40°]]></description><LineString><tessellate>1</tessellate><coordinates>100.90975,12.90779,0 100.90958,12.90759,0</coordinates></LineString></Placemark>
    <Placemark><name>khao_talo_strip —w→ sukhumvit_crossing</name><styleUrl>#ok</styleUrl><description><![CDATA[declared <b>w</b>, real bearing 282°, off by 12°]]></description><LineString><tessellate>1</tessellate><coordinates>100.90693,12.90782,0 100.8962,12.91004,0</coordinates></LineString></Placemark>
    <Placemark><name>khao_talo_strip —e→ khao_talo</name><styleUrl>#ok</styleUrl><description><![CDATA[declared <b>e</b>, real bearing 91°, off by 1°]]></description><LineString><tessellate>1</tessellate><coordinates>100.90693,12.90782,0 100.90975,12.90779,0</coordinates></LineString></Placemark>
    <Placemark><name>khao_talo_strip —n→ water_buffalo</name><styleUrl>#ok</styleUrl><description><![CDATA[declared <b>n</b>, real bearing 11°, off by 11°]]></description><LineString><tessellate>1</tessellate><coordinates>100.90693,12.90782,0 100.90699,12.90813,0</coordinates></LineString></Placemark>
    <Placemark><name>khao_talo_strip —s→ firefly_bar</name><styleUrl>#ok</styleUrl><description><![CDATA[declared <b>s</b>, real bearing 145°, off by 35°]]></description><LineString><tessellate>1</tessellate><coordinates>100.90693,12.90782,0 100.90706,12.90764,0</coordinates></LineString></Placemark>
    <Placemark><name>lake_mabprachan —s→ khao_talo</name><styleUrl>#bad</styleUrl><description><![CDATA[declared <b>s</b>, real bearing 246°, off by 66°]]></description><LineString><tessellate>1</tessellate><coordinates>100.96684,12.93306,0 100.90975,12.90779,0</coordinates></LineString></Placemark>
    <Placemark><name>naklua_rd —s→ beach_rd_n</name><styleUrl>#ok</styleUrl><description><![CDATA[declared <b>s</b>, real bearing 203°, off by 23°]]></description><LineString><tessellate>1</tessellate><coordinates>100.88926,12.95343,0 100.88475,12.94288,0</coordinates></LineString></Placemark>
    <Placemark><name>naklua_rd —n→ hotel_soi</name><styleUrl>#ok</styleUrl><description><![CDATA[declared <b>n</b>, real bearing 35°, off by 35°]]></description><LineString><tessellate>1</tessellate><coordinates>100.88926,12.95343,0 100.89365,12.95958,0</coordinates></LineString></Placemark>
    <Placemark><name>naklua_rd —w→ orchid_club</name><styleUrl>#ok</styleUrl><description><![CDATA[declared <b>w</b>, real bearing 249°, off by 21°]]></description><LineString><tessellate>1</tessellate><coordinates>100.88926,12.95343,0 100.88884,12.95327,0</coordinates></LineString></Placemark>
    <Placemark><name>naklua_rd —e→ naklua_bars</name><styleUrl>#ok</styleUrl><description><![CDATA[declared <b>e</b>, real bearing 107°, off by 17°]]></description><LineString><tessellate>1</tessellate><coordinates>100.88926,12.95343,0 100.88967,12.95331,0</coordinates></LineString></Placemark>
    <Placemark><name>naklua_bars —w→ naklua_rd</name><styleUrl>#ok</styleUrl><description><![CDATA[declared <b>w</b>, real bearing 287°, off by 17°]]></description><LineString><tessellate>1</tessellate><coordinates>100.88967,12.95331,0 100.88926,12.95343,0</coordinates></LineString></Placemark>
    <Placemark><name>naklua_bars —n→ dolphin_bar</name><styleUrl>#ok</styleUrl><description><![CDATA[declared <b>n</b>, real bearing 12°, off by 12°]]></description><LineString><tessellate>1</tessellate><coordinates>100.88967,12.95331,0 100.88971,12.95349,0</coordinates></LineString></Placemark>
    <Placemark><name>naklua_bars —s→ mooring_bar</name><styleUrl>#ok</styleUrl><description><![CDATA[declared <b>s</b>, real bearing 147°, off by 33°]]></description><LineString><tessellate>1</tessellate><coordinates>100.88967,12.95331,0 100.88985,12.95304,0</coordinates></LineString></Placemark>
    <Placemark><name>naklua_massage —s→ naklua_rd</name><styleUrl>#ok</styleUrl><description><![CDATA[declared <b>s</b>, real bearing 155°, off by 25°]]></description><LineString><tessellate>1</tessellate><coordinates>100.88908,12.9538,0 100.88926,12.95343,0</coordinates></LineString></Placemark>
    <Placemark><name>naklua_massage —n→ lotus_oil</name><styleUrl>#ok</styleUrl><description><![CDATA[declared <b>n</b>, real bearing 352°, off by 8°]]></description><LineString><tessellate>1</tessellate><coordinates>100.88908,12.9538,0 100.88904,12.95407,0</coordinates></LineString></Placemark>
    <Placemark><name>hotel_soi —s→ naklua_rd</name><styleUrl>#ok</styleUrl><description><![CDATA[declared <b>s</b>, real bearing 215°, off by 35°]]></description><LineString><tessellate>1</tessellate><coordinates>100.89365,12.95958,0 100.88926,12.95343,0</coordinates></LineString></Placemark>
    <Placemark><name>hotel_soi —n→ hotel_room</name><styleUrl>#ok</styleUrl><description><![CDATA[declared <b>n</b>, real bearing 30°, off by 30°]]></description><LineString><tessellate>1</tessellate><coordinates>100.89365,12.95958,0 100.89377,12.95978,0</coordinates></LineString></Placemark>
    <Placemark><name>soi_honey_w —w→ second_rd_diana</name><styleUrl>#ok</styleUrl><description><![CDATA[declared <b>w</b>, real bearing 228°, off by 42°]]></description><LineString><tessellate>1</tessellate><coordinates>100.883,12.93189,0 100.88204,12.93104,0</coordinates></LineString></Placemark>
    <Placemark><name>soi_honey_w —e→ soi_honey_e</name><styleUrl>#ok</styleUrl><description><![CDATA[declared <b>e</b>, real bearing 128°, off by 38°]]></description><LineString><tessellate>1</tessellate><coordinates>100.883,12.93189,0 100.88554,12.92994,0</coordinates></LineString></Placemark>
    <Placemark><name>soi_honey_w —n→ honey_trap</name><styleUrl>#ok</styleUrl><description><![CDATA[declared <b>n</b>, real bearing 14°, off by 14°]]></description><LineString><tessellate>1</tessellate><coordinates>100.883,12.93189,0 100.88306,12.93212,0</coordinates></LineString></Placemark>
    <Placemark><name>soi_honey_w —s→ honey_soapy</name><styleUrl>#ok</styleUrl><description><![CDATA[declared <b>s</b>, real bearing 175°, off by 5°]]></description><LineString><tessellate>1</tessellate><coordinates>100.883,12.93189,0 100.88302,12.93165,0</coordinates></LineString></Placemark>
    <Placemark><name>soi_honey_e —w→ soi_honey_w</name><styleUrl>#ok</styleUrl><description><![CDATA[declared <b>w</b>, real bearing 308°, off by 38°]]></description><LineString><tessellate>1</tessellate><coordinates>100.88554,12.92994,0 100.883,12.93189,0</coordinates></LineString></Placemark>
    <Placemark><name>soi_honey_e —s→ buakhao_n</name><styleUrl>#ok</styleUrl><description><![CDATA[declared <b>s</b>, real bearing 213°, off by 33°]]></description><LineString><tessellate>1</tessellate><coordinates>100.88554,12.92994,0 100.8848,12.92881,0</coordinates></LineString></Placemark>
    <Placemark><name>soi_honey_e —n→ queen_bee</name><styleUrl>#ok</styleUrl><description><![CDATA[declared <b>n</b>, real bearing 14°, off by 14°]]></description><LineString><tessellate>1</tessellate><coordinates>100.88554,12.92994,0 100.8856,12.93017,0</coordinates></LineString></Placemark>
    <Placemark><name>diana_w —w→ second_rd_diana</name><styleUrl>#ok</styleUrl><description><![CDATA[declared <b>w</b>, real bearing 309°, off by 39°]]></description><LineString><tessellate>1</tessellate><coordinates>100.88237,12.93078,0 100.88204,12.93104,0</coordinates></LineString></Placemark>
    <Placemark><name>diana_w —e→ diana_mid</name><styleUrl>#ok</styleUrl><description><![CDATA[declared <b>e</b>, real bearing 130°, off by 40°]]></description><LineString><tessellate>1</tessellate><coordinates>100.88237,12.93078,0 100.88342,12.92993,0</coordinates></LineString></Placemark>
    <Placemark><name>diana_w —n→ dollhouse</name><styleUrl>#ok</styleUrl><description><![CDATA[declared <b>n</b>, real bearing 322°, off by 38°]]></description><LineString><tessellate>1</tessellate><coordinates>100.88237,12.93078,0 100.88199,12.93126,0</coordinates></LineString></Placemark>
    <Placemark><name>diana_mid —w→ diana_w</name><styleUrl>#ok</styleUrl><description><![CDATA[declared <b>w</b>, real bearing 310°, off by 40°]]></description><LineString><tessellate>1</tessellate><coordinates>100.88342,12.92993,0 100.88237,12.93078,0</coordinates></LineString></Placemark>
    <Placemark><name>diana_mid —e→ diana_e</name><styleUrl>#ok</styleUrl><description><![CDATA[declared <b>e</b>, real bearing 130°, off by 40°]]></description><LineString><tessellate>1</tessellate><coordinates>100.88342,12.92993,0 100.88447,12.92908,0</coordinates></LineString></Placemark>
    <Placemark><name>diana_mid —n→ sapphire</name><styleUrl>#ok</styleUrl><description><![CDATA[declared <b>n</b>, real bearing 10°, off by 10°]]></description><LineString><tessellate>1</tessellate><coordinates>100.88342,12.92993,0 100.88346,12.93015,0</coordinates></LineString></Placemark>
    <Placemark><name>diana_mid —s→ sundowner</name><styleUrl>#ok</styleUrl><description><![CDATA[declared <b>s</b>, real bearing 188°, off by 8°]]></description><LineString><tessellate>1</tessellate><coordinates>100.88342,12.92993,0 100.88339,12.92971,0</coordinates></LineString></Placemark>
    <Placemark><name>diana_e —w→ diana_mid</name><styleUrl>#ok</styleUrl><description><![CDATA[declared <b>w</b>, real bearing 310°, off by 40°]]></description><LineString><tessellate>1</tessellate><coordinates>100.88447,12.92908,0 100.88342,12.92993,0</coordinates></LineString></Placemark>
    <Placemark><name>diana_e —e→ buakhao_n</name><styleUrl>#ok</styleUrl><description><![CDATA[declared <b>e</b>, real bearing 130°, off by 40°]]></description><LineString><tessellate>1</tessellate><coordinates>100.88447,12.92908,0 100.8848,12.92881,0</coordinates></LineString></Placemark>
    <Placemark><name>diana_e —n→ cricketers</name><styleUrl>#ok</styleUrl><description><![CDATA[declared <b>n</b>, real bearing 15°, off by 15°]]></description><LineString><tessellate>1</tessellate><coordinates>100.88447,12.92908,0 100.88453,12.9293,0</coordinates></LineString></Placemark>
    <Placemark><name>hotel_room —s→ hotel_soi</name><styleUrl>#ok</styleUrl><description><![CDATA[declared <b>s</b>, real bearing 210°, off by 30°]]></description><LineString><tessellate>1</tessellate><coordinates>100.89377,12.95978,0 100.89365,12.95958,0</coordinates></LineString></Placemark>
  </Folder>
</Document></kml>
